Country Name,Year,Country Code,"Incidence of malaria (per 1,000 population at risk)",Malaria cases reported,Use of insecticide-treated bed nets (% of under-5 population),Children with fever receiving antimalarial drugs (% of children under age 5 with fever),Intermittent preventive treatment (IPT) of malaria in pregnancy (% of pregnant women),People using safely managed drinking water services (% of population),"People using safely managed drinking water services, rural (% of rural population)","People using safely managed drinking water services, urban (% of urban population)",People using safely managed sanitation services (% of population),"People using safely managed sanitation services, rural (% of rural population)","People using safely managed sanitation services, urban  (% of urban population)",Rural population (% of total population),Rural population growth (annual %),Urban population (% of total population),Urban population growth (annual %),People using at least basic drinking water services (% of population),"People using at least basic drinking water services, rural (% of rural population)","People using at least basic drinking water services, urban (% of urban population)",People using at least basic sanitation services (% of population),"People using at least basic sanitation services, rural (% of rural population)","People using at least basic sanitation services, urban  (% of urban population)",latitude,longitude,geometry
Algeria,2007,DZA,0.01,26,,,,,,,18.24,19.96,17.33,34.65,-0.60,65.35,2.71,91.68,85.83,94.78,85.85,76.94,90.57,28.033886,1.659626,POINT (28.033886 1.659626)
Angola,2007,AGO,286.72,1533485,18,29.8,1.5,,,,,,,42.48,1.91,57.52,5.01,47.96,23.77,65.83,37.26,14.00,54.44,-11.202692,17.873887,POINT (-11.202692 17.873887)
Benin,2007,BEN,480.24,0,,,,,,,,,,58.44,1.99,41.56,4.09,63.78,54.92,76.24,11.80,4.29,22.36,9.30769,2.315834,POINT (9.307689999999999 2.315834)
Botswana,2007,BWA,1.03,390,,,,,,83.96,,,,42.07,-1.44,57.93,4.80,78.89,57.60,94.35,61.60,39.99,77.30,-22.328474,24.684866,POINT (-22.328474 24.684866)
Burkina Faso,2007,BFA,503.80,44246,,,,,,,,,,77.00,2.16,23.00,5.91,52.27,45.13,76.15,15.60,6.38,46.49,12.238333,-1.561593,POINT (12.238333 -1.561593)
Burundi,2007,BDI,222.92,1101644,,,,,,,,,,90.14,3.02,9.86,5.82,54.73,51.39,85.24,45.91,46.26,42.78,-3.373056,29.918886,POINT (-3.373056 29.918886)
Cabo Verde,2007,CPV,0.15,18,,,,,,,,,,40.64,-0.78,59.36,2.66,81.39,71.02,88.48,54.85,38.90,65.77,16.002082,-24.013197,POINT (16.002082 -24.013197)
Cameroon,2007,CMR,386.68,0,,,,,,,,,,50.25,1.55,49.75,3.96,60.09,38.85,81.55,39.25,23.01,55.66,7.369722,12.354722,POINT (7.369722 12.354722)
Central African Republic,2007,CAF,471.11,0,,,,,,,,,,61.66,1.69,38.34,2.30,51.10,38.18,71.87,20.55,8.76,39.50,6.611111,20.939444,POINT (6.611111 20.939444)
Chad,2007,TCD,210.71,48288,,,,,,,,,,78.13,3.35,21.87,3.55,40.34,30.88,74.12,11.15,5.75,30.45,15.454166,18.732207,POINT (15.454166 18.732207)
Comoros,2007,COM,60.65,38913,,,,,,,,,,72.13,2.39,27.87,2.41,85.86,84.59,89.14,33.44,28.68,45.76,-11.652,43.3726,POINT (-11.652 43.3726)
"Congo, Dem. Rep.",2007,COD,481.93,740858,6,29.8,2.5,,,,,,,61.53,2.45,38.47,4.57,37.80,18.57,68.54,20.52,19.04,22.88,-4.038333,21.758664,POINT (-4.038333 21.758664)
"Congo, Rep.",2007,COG,281.83,103213,,,,34.50,9.93,49.63,,,,38.11,2.26,61.89,4.17,62.71,25.53,85.60,14.53,5.94,19.81,-0.228021,15.827659,POINT (-0.228021 15.827659)
Cote d'Ivoire,2007,CIV,509.98,0,,,,34.96,16.64,56.40,,,,53.93,1.42,46.07,3.11,71.72,56.51,89.53,24.72,10.57,41.28,7.539989,-5.54708,POINT (7.539989 -5.54708)
Djibouti,2007,DJI,3.84,2320,,,,,,,28.40,13.29,32.96,23.15,1.16,76.85,1.42,75.52,51.57,82.74,51.10,13.68,62.37,11.825138,42.590275,POINT (11.825138 42.590275)
"Egypt, Arab Rep.",2007,EGY,0.00,0,,,,,,,55.70,,65.73,56.92,1.74,43.08,1.76,98.38,97.57,99.46,93.05,90.52,96.40,26.820553,30.802498,POINT (26.820553 30.802498)
Equatorial Guinea,2007,GNQ,398.15,6287,,,,,,,,,,38.90,0.43,61.10,7.40,57.12,34.43,71.56,61.32,51.85,67.35,1.650801,10.267895,POINT (1.650801 10.267895)
Eritrea,2007,ERI,12.54,15565,,,,,,,,,,66.98,1.22,33.02,5.62,49.25,29.13,90.06,10.56,3.82,24.21,15.179384,39.782334,POINT (15.179384 39.782334)
Eswatini,2007,SWZ,0.29,84,1,0.6,0.5,,,78.18,,,,78.17,0.73,21.83,0.26,59.46,50.65,91.01,53.72,51.60,61.31,-26.522503,31.465866,POINT (-26.522503 31.465866)
Ethiopia,2007,ETH,121.69,451816,33,10,,6.65,0.93,36.43,,2.30,,83.88,2.49,16.12,4.10,28.96,19.46,78.44,4.99,2.59,17.47,9.145,40.489673,POINT (9.145 40.489673)
Gabon,2007,GAB,110.66,45186,,,,,,,,,,16.26,-0.91,83.74,3.68,83.00,45.92,90.20,40.63,34.19,41.88,-0.803689,11.609444,POINT (-0.803689 11.609444)
"Gambia, The",2007,GMB,316.01,0,,,,,,53.75,,,,46.52,1.44,53.48,4.37,76.05,65.78,84.99,47.69,47.59,47.79,13.443182,-15.310139,POINT (13.443182 -15.310139)
Ghana,2007,GHA,322.33,476484,,,,21.10,3.86,39.28,,,,51.33,1.26,48.67,3.99,71.35,59.83,83.50,12.12,6.94,17.58,7.946527,-1.023194,POINT (7.946527 -1.023194)
Guinea,2007,GIN,343.69,44518,5,74,,,,,,,,67.18,1.82,32.82,3.10,63.16,52.44,85.10,15.00,8.50,28.32,9.945587,-9.696645,POINT (9.945587 -9.696645)
Guinea-Bissau,2007,GNB,72.81,14284,,,,,,,,,,61.07,1.80,38.93,3.44,59.25,46.82,78.76,15.25,6.27,29.34,11.7723,-15.1696,POINT (11.7723 -15.1696)
Kenya,2007,KEN,78.02,0,,,,,,58.53,,,,77.58,2.29,22.42,4.46,52.30,42.38,86.63,31.69,30.60,35.47,0.1769,37.9083,POINT (0.1769 37.9083)
Lesotho,2007,LSO,,,,,,,,,,,,76.70,-0.78,23.30,1.95,67.70,62.23,85.71,24.09,22.01,30.96,-29.609988,28.233608,POINT (-29.609988 28.233608)
Liberia,2007,LBR,383.18,492272,,58.8,,,,,,,,53.26,3.26,46.74,4.65,67.63,55.77,81.14,15.42,4.74,27.59,6.428055,-9.429499,POINT (6.428055 -9.429499)
Libya,2007,LBY,0.00,0,,,,,,,27.91,,,22.56,0.67,77.44,1.72,90.52,,,98.56,,,26.3351,17.228331,POINT (26.3351 17.228331)
Madagascar,2007,MDG,22.78,48497,,,,,,,,,,69.96,2.01,30.04,4.97,42.70,28.77,75.16,6.84,4.37,12.58,-18.766947,46.869107,POINT (-18.766947 46.869107)
Malawi,2007,MWI,370.08,0,,,,,,,,,,84.77,2.69,15.24,3.40,59.55,54.81,85.95,23.03,21.27,32.82,-13.254308,34.301525,POINT (-13.254308 34.301525)
Mali,2007,MLI,388.81,0,,,,,,,11.77,13.70,7.95,66.39,2.17,33.61,5.69,61.06,49.96,82.97,24.64,16.15,41.40,17.570692,-3.996166,POINT (17.570692 -3.996166)
Mauritania,2007,MRT,70.77,0,,21,,,,,,,,56.11,1.29,43.89,4.92,52.40,34.53,75.24,26.69,11.55,46.04,21.00789,-10.940835,POINT (21.00789 -10.940835)
Mauritius,2007,MUS,,,,,,,,,,,,58.11,0.65,41.89,0.19,99.59,99.41,99.84,92.97,92.05,94.25,-20.348404,57.552152,POINT (-20.348404 57.552152)
Morocco,2007,MAR,0.00,0,,,,61.48,28.14,87.34,35.52,,38.56,43.68,-0.14,56.32,2.18,72.65,45.16,93.97,76.41,60.77,88.54,31.7945,-7.0849,POINT (31.7945 -7.0849)
Mozambique,2007,MOZ,399.45,141663,7,23,,,,,,7.26,,69.64,2.51,30.36,3.38,33.47,18.39,68.06,17.41,7.51,40.11,-18.665695,35.529562,POINT (-18.665695 35.529562)
Namibia,2007,NAM,12.97,4242,11,9.8,7,,,,,,,61.40,0.17,38.60,4.36,79.08,67.60,97.34,30.97,15.27,55.93,-22.95764,18.49041,POINT (-22.95764 18.49041)
Niger,2007,NER,386.68,268164,,,,,,,6.37,3.94,18.91,83.77,3.76,16.23,3.73,42.15,32.88,89.94,9.10,4.39,33.41,17.607789,8.081666,POINT (17.607789 8.081666)
Nigeria,2007,NGA,421.33,0,,,2,17.57,13.18,23.93,25.44,24.78,26.41,59.18,1.16,40.82,4.80,57.64,43.30,78.44,32.53,29.78,36.51,9.081999,8.675277,POINT (9.081999 8.675276999999999)
Rwanda,2007,RWA,90.64,382686,,,,,,31.87,,,,83.08,2.51,16.92,2.54,50.70,45.67,75.38,54.60,53.73,58.86,-1.940278,29.873888,POINT (-1.940278 29.873888)
Sao Tome and Principe,2007,STP,14.56,2421,,,,,,,,,,38.48,-0.18,61.52,4.74,73.46,66.15,78.04,29.71,20.21,35.65,0.18636,6.613081,POINT (0.18636 6.613081)
Senegal,2007,SEN,101.91,118332,,,,,,,16.33,16.48,16.11,57.47,1.93,42.54,3.61,68.37,51.90,90.63,44.24,29.38,64.32,14.497401,-14.452362,POINT (14.497401 -14.452362)
Seychelles,2007,SYC,,,,,,,,,,,,47.72,-0.15,52.29,1.12,95.00,,,97.11,,,-4.679574,55.491977,POINT (-4.679574 55.491977)
Sierra Leone,2007,SLE,379.94,0,,,,6.46,3.59,11.20,10.50,6.01,17.92,62.31,2.10,37.69,3.74,48.01,34.01,71.17,12.20,6.05,22.36,8.460555,-11.779889,POINT (8.460554999999999 -11.779889)
Somalia,2007,SOM,100.56,16675,,,,,,,,,,65.60,7.09,34.40,-4.65,32.91,17.05,63.15,24.39,10.94,50.03,5.152149,46.199616,POINT (5.152149 46.199616)
South Africa,2007,ZAF,1.29,6327,,,,,,89.54,,,,39.38,-0.07,60.62,2.18,88.18,72.16,98.59,66.07,55.00,73.26,-30.559482,22.937506,POINT (-30.559482 22.937506)
South Sudan,2007,SSD,276.75,0,,,,,,,,,,82.58,4.87,17.42,5.79,,,,,,,6.876991,31.306978,POINT (6.876991 31.306978)
Sudan,2007,SDN,41.08,686908,,,,,,,,,,67.13,2.10,32.87,2.34,47.67,39.77,63.80,24.33,14.20,45.02,12.862807,30.217636,POINT (12.862807 30.217636)
Tanzania,2007,TZA,184.53,1845917,,,,,,17.16,13.61,11.29,20.17,73.88,1.96,26.12,5.32,38.48,26.37,72.72,14.78,11.50,24.06,-6.369028,34.888822,POINT (-6.369028 34.888822)
Togo,2007,TGO,434.49,258716,,,,,,,,,,63.88,1.97,36.12,4.00,53.92,37.37,83.19,12.16,4.13,26.37,8.619543,0.824782,POINT (8.619543 0.824782)
Tunisia,2007,TUN,,,,,,72.34,,,66.38,,79.51,34.19,0.18,65.81,1.44,90.79,75.34,98.82,83.36,62.16,94.37,33.886917,9.537499,POINT (33.886917 9.537499)
Uganda,2007,UGA,377.94,1045378,,,,5.77,2.30,21.67,,,,82.10,2.58,17.90,5.84,35.33,27.27,72.31,18.02,15.68,28.73,1.373333,32.290275,POINT (1.373333 32.290275)
Zambia,2007,ZMB,195.74,0,29,38.4,43.1,,,47.50,,,,62.12,1.89,37.88,3.96,53.98,35.63,84.07,24.87,14.61,41.69,-13.133897,27.849332,POINT (-13.133897 27.849332)
Zimbabwe,2007,ZWE,175.12,116518,,,,,,,,,21.30,66.26,1.10,33.74,0.28,69.05,56.03,94.61,43.20,34.74,59.81,-19.015438,29.154857,POINT (-19.015438 29.154857)
Algeria,2008,DZA,0.00,3,,,,,,,18.19,20.06,17.22,33.90,-0.55,66.10,2.78,91.92,86.19,94.86,86.10,77.60,90.46,28.033886,1.659626,POINT (28.033886 1.659626)
Angola,2008,AGO,241.19,1377992,,,,,,,,,,41.72,1.91,58.28,5.02,48.77,24.14,66.40,38.53,14.92,55.43,-11.202692,17.873887,POINT (-11.202692 17.873887)
Benin,2008,BEN,453.17,0,,,,,,,,,,57.93,1.95,42.07,4.05,64.09,55.31,76.19,12.32,4.66,22.86,9.30769,2.315834,POINT (9.307689999999999 2.315834)
Botswana,2008,BWA,1.93,927,,,,,,83.88,,,,40.56,-1.55,59.44,4.70,80.32,59.36,94.62,63.34,41.06,78.55,-22.328474,24.684866,POINT (-22.328474 24.684866)
Burkina Faso,2008,BFA,533.39,36514,,,,,,,,,,76.47,2.32,23.53,5.34,51.78,44.16,76.52,16.08,6.93,45.82,12.238333,-1.561593,POINT (12.238333 -1.561593)
Burundi,2008,BDI,222.77,876741,,,,,,,,,,89.88,3.02,10.12,5.84,55.33,51.91,85.70,45.92,46.28,42.76,-3.373056,29.918886,POINT (-3.373056 29.918886)
Cabo Verde,2008,CPV,0.28,35,,,,,,,,,,39.81,-0.86,60.19,2.60,81.92,71.12,89.07,56.90,41.27,67.23,16.002082,-24.013197,POINT (16.002082 -24.013197)
Cameroon,2008,CMR,358.72,0,,,,,,,,,,49.65,1.54,50.35,3.96,60.16,38.92,81.10,39.17,22.41,55.69,7.369722,12.354722,POINT (7.369722 12.354722)
Central African Republic,2008,CAF,461.79,0,,,,,,,,,,61.49,1.51,38.51,2.21,50.07,37.31,70.44,21.37,8.82,41.42,6.611111,20.939444,POINT (6.611111 20.939444)
Comoros,2008,COM,59.21,38917,,,,,,,,,,72.11,2.38,27.89,2.47,85.04,83.51,88.97,33.78,29.17,45.71,-11.652,43.3726,POINT (-11.652 43.3726)
Chad,2008,TCD,215.10,47757,,,,,,,,,,78.10,3.28,21.90,3.47,40.17,30.75,73.74,11.10,5.47,31.15,15.454166,18.732207,POINT (15.454166 18.732207)
"Congo, Dem. Rep.",2008,COD,471.43,2270,,,,,,,,,,61.02,2.47,38.98,4.60,38.36,19.03,68.63,20.51,18.96,22.94,-4.038333,21.758664,POINT (-4.038333 21.758664)
"Congo, Rep.",2008,COG,249.16,117291,,,,36.19,10.74,51.56,,,,37.65,2.24,62.35,4.16,63.77,27.38,85.75,15.03,5.97,20.50,-0.228021,15.827659,POINT (-0.228021 15.827659)
Cote d'Ivoire,2008,CIV,510.08,3527,,,,35.12,16.75,56.27,,,,53.51,1.46,46.49,3.15,71.85,56.65,89.35,25.42,11.23,41.75,7.539989,-5.54708,POINT (7.539989 -5.54708)
Djibouti,2008,DJI,3.74,2289,,,,,,,29.21,13.85,33.83,23.10,1.15,76.90,1.40,75.52,51.11,82.85,52.35,14.25,63.79,11.825138,42.590275,POINT (11.825138 42.590275)
"Egypt, Arab Rep.",2008,EGY,0.00,0,,,,,,,56.18,,66.15,56.94,1.81,43.06,1.73,98.46,97.69,99.47,93.17,90.58,96.59,26.820553,30.802498,POINT (26.820553 30.802498)
Equatorial Guinea,2008,GNQ,378.24,9503,,,,,,,,,,37.26,0.33,62.75,7.31,58.18,33.82,72.65,62.18,52.75,67.78,1.650801,10.267895,POINT (1.650801 10.267895)
Eritrea,2008,ERI,6.78,8764,48.9,13.1,,,,,,,,66.00,0.71,34.00,5.12,49.65,28.86,89.99,10.83,4.17,23.77,15.179384,39.782334,POINT (15.179384 39.782334)
Eswatini,2008,SWZ,0.20,58,,,,,,79.79,,,,77.96,0.42,22.05,1.68,60.57,51.78,91.65,54.26,52.59,60.16,-26.522503,31.465866,POINT (-26.522503 31.465866)
Ethiopia,2008,ETH,90.66,458561,,,,7.03,1.17,36.63,,2.47,,83.49,2.27,16.51,5.16,30.37,20.82,78.63,5.23,2.77,17.69,9.145,40.489673,POINT (9.145 40.489673)
Gabon,2008,GAB,118.87,40701,55.1,,,,,,,,,15.64,-0.80,84.36,3.81,83.36,47.09,90.09,41.54,34.69,42.81,-0.803689,11.609444,POINT (-0.803689 11.609444)
"Gambia, The",2008,GMB,306.84,39164,,,,,,55.56,,,,45.79,1.39,54.21,4.33,76.22,65.48,85.30,46.45,45.19,47.52,13.443182,-15.310139,POINT (13.443182 -15.310139)
Ghana,2008,GHA,333.72,1094483,28,43,28,22.50,4.54,40.94,,,,50.65,1.24,49.35,3.97,72.35,60.62,84.39,12.72,7.40,18.18,7.946527,-1.023194,POINT (7.946527 -1.023194)
Guinea,2008,GIN,370.17,33405,4.5,,,,,,,,,66.89,1.87,33.11,3.15,63.13,52.21,85.18,15.76,9.30,28.82,9.945587,-9.696645,POINT (9.945587 -9.696645)
Guinea-Bissau,2008,GNB,89.02,11299,,,,,,,,,,60.68,1.83,39.33,3.48,60.08,47.57,79.37,15.80,6.50,30.15,11.7723,-15.1696,POINT (11.7723 -15.1696)
Kenya,2008,KEN,67.68,839903,,,,,,57.67,,,,77.20,2.28,22.80,4.45,52.99,43.12,86.43,31.41,30.23,35.40,0.1769,37.9083,POINT (0.1769 37.9083)
Lesotho,2008,LSO,,,,,,,,,,,,76.20,-0.63,23.80,2.10,67.77,61.92,86.51,26.09,24.18,32.21,-29.609988,28.233608,POINT (-29.609988 28.233608)
Liberia,2008,LBR,383.33,606952,,,,,,,,,,52.91,3.48,47.09,4.87,68.20,56.44,81.41,15.59,4.85,27.65,6.428055,-9.429499,POINT (6.428055 -9.429499)
Libya,2008,LBY,0.00,0,,,,,,,27.71,,,22.37,0.53,77.63,1.65,91.41,,,98.72,,,26.3351,17.228331,POINT (26.3351 17.228331)
Madagascar,2008,MDG,23.47,93234,,,,,,,,,,69.33,1.96,30.67,4.92,43.82,29.50,76.20,7.19,4.58,13.08,-18.766947,46.869107,POINT (-18.766947 46.869107)
Malawi,2008,MWI,392.00,0,,,,,,,,,,84.67,2.75,15.33,3.45,60.49,55.88,85.94,23.34,21.61,32.94,-13.254308,34.301525,POINT (-13.254308 34.301525)
Mali,2008,MLI,379.06,0,,,,,,,12.45,14.73,8.10,65.60,2.13,34.40,5.66,62.81,51.75,83.91,25.98,17.30,42.52,17.570692,-3.996166,POINT (17.570692 -3.996166)
Mauritania,2008,MRT,61.14,302,,,,,,,,,,55.21,1.27,44.79,4.91,54.18,35.99,76.61,28.54,12.26,48.60,21.00789,-10.940835,POINT (21.00789 -10.940835)
Mauritius,2008,MUS,,,,,,,,,,,,58.22,0.55,41.78,0.09,99.64,99.48,99.86,93.39,92.57,94.54,-20.348404,57.552152,POINT (-20.348404 57.552152)
Morocco,2008,MAR,0.00,0,,,,62.48,29.45,87.52,35.98,,38.86,43.11,-0.12,56.89,2.20,74.24,47.81,94.27,77.98,62.86,89.44,31.7945,-7.0849,POINT (31.7945 -7.0849)
Mozambique,2008,MOZ,399.79,120259,22.8,36.7,,,,,,8.11,,69.17,2.07,30.83,4.28,35.65,20.48,69.68,18.54,8.39,41.33,-18.665695,35.529562,POINT (-18.665695 35.529562)
Namibia,2008,NAM,7.46,1092,,,,,,,,,,60.40,0.18,39.60,4.38,79.44,67.76,97.24,31.37,15.57,55.47,-22.95764,18.49041,POINT (-22.95764 18.49041)
Niger,2008,NER,409.10,682685,,,,,,,6.75,4.30,19.38,83.77,3.78,16.23,3.75,43.01,34.03,89.37,9.60,4.78,34.50,17.607789,8.081666,POINT (17.607789 8.081666)
Nigeria,2008,NGA,424.66,143079,6,33.2,3.2,17.85,13.45,24.00,25.57,24.72,26.76,58.30,1.15,41.70,4.79,59.03,44.52,79.32,33.10,29.89,37.59,9.081999,8.675277,POINT (9.081999 8.675276999999999)
Rwanda,2008,RWA,72.03,316242,56,5.6,3.7,,,32.99,,,,83.08,2.66,16.93,2.69,51.38,46.35,76.05,55.82,55.34,58.20,-1.940278,29.873888,POINT (-1.940278 29.873888)
Sao Tome and Principe,2008,STP,36.57,6258,,,,,,,,,,37.32,-0.20,62.68,4.72,74.71,67.32,79.11,31.14,21.33,36.98,0.18636,6.613081,POINT (0.18636 6.613081)
Senegal,2008,SEN,86.42,241926,,,,,,,16.60,16.94,16.14,57.05,1.96,42.95,3.65,69.62,53.67,90.80,45.00,30.39,64.41,14.497401,-14.452362,POINT (14.497401 -14.452362)
Seychelles,2008,SYC,,,,,,,,,,,,47.38,1.54,52.62,2.87,95.26,,,97.54,,,-4.679574,55.491977,POINT (-4.679574 55.491977)
Sierra Leone,2008,SLE,413.85,176356,26,27.8,5.2,6.76,3.97,11.29,10.78,6.24,18.15,61.92,1.75,38.08,3.40,49.33,35.61,71.64,12.53,6.29,22.69,8.460555,-11.779889,POINT (8.460554999999999 -11.779889)
Somalia,2008,SOM,63.10,36905,,,,,,,,,,63.99,0.34,36.01,7.39,35.28,18.51,65.08,25.91,11.74,51.08,5.152149,46.199616,POINT (5.152149 46.199616)
South Africa,2008,ZAF,1.57,7796,,,,,,88.78,,,,38.85,-0.04,61.15,2.22,88.67,73.01,98.62,67.08,56.88,73.56,-30.559482,22.937506,POINT (-30.559482 22.937506)
South Sudan,2008,SSD,267.14,52011,,,,,,,,,,82.45,4.78,17.56,5.72,,,,,,,6.876991,31.306978,POINT (6.876991 31.306978)
Sudan,2008,SDN,35.05,569296,,,,,,,,,,67.08,2.06,32.92,2.30,49.07,41.27,64.96,25.62,15.30,46.65,12.862807,30.217636,POINT (12.862807 30.217636)
Tanzania,2008,TZA,171.00,4508,26,56.7,7,,,20.70,15.02,12.54,21.81,73.22,1.95,26.78,5.32,40.24,27.91,73.97,16.29,12.75,25.95,-6.369028,34.888822,POINT (-6.369028 34.888822)
Togo,2008,TGO,379.90,397283,,,,,,,,,,63.41,1.98,36.59,4.01,55.05,38.48,83.78,12.53,4.41,26.60,8.619543,0.824782,POINT (8.619543 0.824782)
Tunisia,2008,TUN,,,,,,76.96,,,67.64,,80.42,33.91,0.22,66.09,1.49,91.18,76.01,98.96,84.27,64.35,94.49,33.886917,9.537499,POINT (33.886917 9.537499)
Uganda,2008,UGA,410.46,979298,,,,5.91,2.49,21.08,,,,81.62,2.56,18.38,5.83,36.64,28.54,72.59,18.09,15.75,28.46,1.373333,32.290275,POINT (1.373333 32.290275)
Zambia,2008,ZMB,176.72,0,41,43,,,,47.36,,,,61.63,1.93,38.37,4.01,54.60,36.27,84.04,25.03,15.04,41.09,-13.133897,27.849332,POINT (-13.133897 27.849332)
Zimbabwe,2008,ZWE,74.73,32788,,,,,,,,,20.80,66.44,1.28,33.56,0.46,68.54,55.40,94.55,42.48,34.41,58.46,-19.015438,29.154857,POINT (-19.015438 29.154857)
Algeria,2009,DZA,0.00,0,,,,,,,18.13,20.17,17.12,33.17,-0.45,66.83,2.82,92.16,86.54,94.94,86.34,78.25,90.35,28.033886,1.659626,POINT (28.033886 1.659626)
Angola,2009,AGO,204.35,1573422,,,,,,,,,,40.97,1.88,59.03,4.99,49.58,24.51,66.97,39.79,15.84,56.41,-11.202692,17.873887,POINT (-11.202692 17.873887)
Benin,2009,BEN,417.96,889597,,,,,,,,,,57.42,1.92,42.58,4.02,64.40,55.69,76.13,12.85,5.05,23.36,9.30769,2.315834,POINT (9.307689999999999 2.315834)
Botswana,2009,BWA,2.10,1024,,,,,,83.81,,,,39.06,-1.79,60.94,4.44,81.71,61.13,94.90,65.09,42.14,79.80,-22.328474,24.684866,POINT (-22.328474 24.684866)
Burkina Faso,2009,BFA,552.03,182527,,,,,,,,,,75.92,2.31,24.08,5.32,51.29,43.18,76.89,16.54,7.47,45.14,12.238333,-1.561593,POINT (12.238333 -1.561593)
Burundi,2009,BDI,220.65,1185622,,,,,,,,,,89.62,3.00,10.38,5.81,55.92,52.42,86.15,45.93,46.30,42.73,-3.373056,29.918886,POINT (-3.373056 29.918886)
Cabo Verde,2009,CPV,0.51,65,,,,,,,,,,38.98,-0.88,61.02,2.56,82.47,71.22,89.65,58.93,43.65,68.68,16.002082,-24.013197,POINT (16.002082 -24.013197)
Cameroon,2009,CMR,322.98,0,,,,,,,,,,49.05,1.53,50.95,3.94,60.21,38.98,80.65,39.09,21.82,55.72,7.369722,12.354722,POINT (7.369722 12.354722)
Central African Republic,2009,CAF,448.45,0,,,,,,,,,,61.31,1.19,38.69,1.98,49.04,36.43,69.01,22.21,8.88,43.34,6.611111,20.939444,POINT (6.611111 20.939444)
Chad,2009,TCD,222.91,0,,,,,,,,,,78.07,3.27,21.93,3.46,39.99,30.62,73.35,10.73,4.98,31.16,15.454166,18.732207,POINT (15.454166 18.732207)
Comoros,2009,COM,57.81,38920,,,,,,,,,,72.08,2.36,27.92,2.53,84.22,82.45,88.80,34.08,29.61,45.60,-11.652,43.3726,POINT (-11.652 43.3726)
"Congo, Dem. Rep.",2009,COD,452.18,1879694,,,,,,,,,,60.51,2.47,39.49,4.63,38.93,19.49,68.72,20.51,18.88,23.00,-4.038333,21.758664,POINT (-4.038333 21.758664)
"Congo, Rep.",2009,COG,226.32,92855,,,,37.90,11.57,53.49,,,,37.20,2.07,62.80,4.01,64.83,29.27,85.90,15.55,6.01,21.20,-0.228021,15.827659,POINT (-0.228021 15.827659)
Cote d'Ivoire,2009,CIV,494.48,7388,,,,35.29,16.86,56.15,,,,53.09,1.50,46.91,3.18,71.97,56.78,89.16,26.13,11.91,42.22,7.539989,-5.54708,POINT (7.539989 -5.54708)
Djibouti,2009,DJI,4.33,2686,19.9,0.9,,,,,30.02,14.41,34.69,23.06,1.20,76.94,1.45,75.51,50.66,82.96,53.59,14.82,65.21,11.825138,42.590275,POINT (11.825138 42.590275)
"Egypt, Arab Rep.",2009,EGY,0.00,0,,,,,,,56.66,,66.58,56.96,1.90,43.04,1.82,98.53,97.82,99.47,93.28,90.64,96.78,26.820553,30.802498,POINT (26.820553 30.802498)
Equatorial Guinea,2009,GNQ,351.29,14184,,,,,,,,,,35.64,0.20,64.36,7.16,59.29,33.21,73.74,63.01,53.65,68.20,1.650801,10.267895,POINT (1.650801 10.267895)
Eritrea,2009,ERI,8.86,11759,,,,,,,,,,65.41,0.96,34.59,3.55,49.81,28.60,89.93,11.02,4.52,23.33,15.179384,39.782334,POINT (15.179384 39.782334)
Eswatini,2009,SWZ,0.36,106,,,,,,81.40,,,,77.74,0.44,22.26,1.69,61.66,52.89,92.28,54.80,53.59,59.02,-26.522503,31.465866,POINT (-26.522503 31.465866)
Ethiopia,2009,ETH,123.35,1144640,,,,7.43,1.44,36.83,,2.63,,83.09,2.28,16.91,5.15,31.73,22.14,78.82,5.47,2.94,17.90,9.145,40.489673,POINT (9.145 40.489673)
Gabon,2009,GAB,145.95,660,,,,,,,,,,15.05,-0.62,84.96,3.97,83.70,48.23,89.98,42.45,35.18,43.74,-0.803689,11.609444,POINT (-0.803689 11.609444)
"Gambia, The",2009,GMB,297.98,50378,,,,,,57.37,,,,45.06,1.38,54.94,4.30,76.40,65.18,85.61,45.25,42.83,47.24,13.443182,-15.310139,POINT (13.443182 -15.310139)
Ghana,2009,GHA,351.39,1104370,,,,23.93,5.23,42.60,,,,49.97,1.19,50.03,3.91,73.36,61.41,85.29,13.33,7.87,18.79,7.946527,-1.023194,POINT (7.946527 -1.023194)
Guinea,2009,GIN,398.14,35841,,,,,,,,,,66.61,1.86,33.39,3.15,63.07,51.96,85.25,16.52,10.10,29.31,9.945587,-9.696645,POINT (9.945587 -9.696645)
Guinea-Bissau,2009,GNB,113.80,11757,,,,,,,,,,60.28,1.88,39.72,3.51,60.89,48.32,79.97,16.36,6.73,30.97,11.7723,-15.1696,POINT (11.7723 -15.1696)
Kenya,2009,KEN,67.94,0,46.7,23.2,6.9,,,56.81,,,,76.82,2.25,23.18,4.42,53.67,43.84,86.23,31.13,29.87,35.33,0.1769,37.9083,POINT (0.1769 37.9083)
Lesotho,2009,LSO,,,,,,,,,,,,75.71,-0.50,24.29,2.22,67.86,61.61,87.32,28.05,26.33,33.44,-29.609988,28.233608,POINT (-29.609988 28.233608)
Liberia,2009,LBR,368.81,839581,26,67.2,11,,,,,,,52.56,3.30,47.45,4.73,68.75,57.09,81.67,15.75,4.97,27.71,6.428055,-9.429499,POINT (6.428055 -9.429499)
Libya,2009,LBY,0.00,0,,,,,,,27.52,,,22.16,0.31,77.84,1.50,92.30,,,98.88,,,26.3351,17.228331,POINT (26.3351 17.228331)
Madagascar,2009,MDG,42.92,215110,46,19.7,1.9,,,,,,,68.70,1.91,31.30,4.86,44.95,30.24,77.26,7.54,4.79,13.57,-18.766947,46.869107,POINT (-18.766947 46.869107)
Malawi,2009,MWI,394.29,0,,,,,,,,,,84.57,2.75,15.43,3.54,61.42,56.94,85.93,23.66,21.95,33.07,-13.254308,34.301525,POINT (-13.254308 34.301525)
Mali,2009,MLI,374.56,0,,,,,,,13.13,15.80,8.21,64.80,2.04,35.20,5.55,64.57,53.55,84.84,27.35,18.49,43.66,17.570692,-3.996166,POINT (17.570692 -3.996166)
Mauritania,2009,MRT,31.64,940,,,,,,,,,,54.31,1.27,45.69,4.89,55.97,37.46,77.98,30.46,12.97,51.24,21.00789,-10.940835,POINT (21.00789 -10.940835)
Mauritius,2009,MUS,,,,,,,,,,,,58.33,0.46,41.67,0.00,99.68,99.55,99.87,93.81,93.09,94.82,-20.348404,57.552152,POINT (-20.348404 57.552152)
Morocco,2009,MAR,0.00,0,,,,63.47,30.76,87.70,36.44,,39.15,42.55,-0.09,57.45,2.23,75.82,50.51,94.56,79.54,64.97,90.33,31.7945,-7.0849,POINT (31.7945 -7.0849)
Mozambique,2009,MOZ,402.30,93874,,,,,,,,8.97,,68.67,2.02,31.33,4.33,37.85,22.59,71.30,19.69,9.27,42.54,-18.665695,35.529562,POINT (-18.665695 35.529562)
Namibia,2009,NAM,3.36,505,34,20.3,,,,,,,,59.40,0.15,40.60,4.33,79.79,67.93,97.15,31.76,15.86,55.02,-22.95764,18.49041,POINT (-22.95764 18.49041)
Niger,2009,NER,419.10,309675,43,,,,,,7.11,4.64,19.85,83.78,3.81,16.23,3.79,43.86,35.16,88.81,10.09,5.15,35.57,17.607789,8.081666,POINT (17.607789 8.081666)
Nigeria,2009,NGA,416.59,479845,,,,18.13,13.72,24.07,25.69,24.65,27.09,57.41,1.13,42.59,4.77,60.42,45.74,80.21,33.70,30.00,38.68,9.081999,8.675277,POINT (9.081999 8.675276999999999)
Rwanda,2009,RWA,158.16,698745,,,,,,34.11,,,,83.07,2.67,16.93,2.70,52.06,47.04,76.73,57.04,56.94,57.53,-1.940278,29.873888,POINT (-1.940278 29.873888)
Sao Tome and Principe,2009,STP,35.15,6182,56,8.4,5,,,,,,,36.18,-0.37,63.82,4.55,75.95,68.50,80.18,32.58,22.46,38.32,0.18636,6.613081,POINT (0.18636 6.613081)
Senegal,2009,SEN,57.12,165933,29,9.1,15.4,,,,16.86,17.39,16.17,56.64,1.99,43.36,3.67,70.86,55.47,90.97,45.75,31.39,64.50,14.497401,-14.452362,POINT (14.497401 -14.452362)
Seychelles,2009,SYC,,,,,,,,,,,,47.03,-0.35,52.97,1.06,95.52,,,97.96,,,-4.679574,55.491977,POINT (-4.679574 55.491977)
Sierra Leone,2009,SLE,442.15,646808,,,,7.08,4.38,11.39,11.05,6.47,18.38,61.53,1.61,38.47,3.26,50.64,37.22,72.10,12.87,6.53,23.01,8.460555,-11.779889,POINT (8.460554999999999 -11.779889)
Somalia,2009,SOM,38.44,25202,,,,,,,,,,62.36,0.19,37.65,7.21,37.64,19.89,67.02,27.47,12.56,52.15,5.152149,46.199616,POINT (5.152149 46.199616)
South Africa,2009,ZAF,1.20,6072,,,,,,88.02,,,,38.31,0.01,61.69,2.26,89.16,73.86,98.65,68.08,58.77,73.87,-30.559482,22.937506,POINT (-30.559482 22.937506)
South Sudan,2009,SSD,255.07,0,25.3,35.8,,,,,,,,82.30,4.36,17.70,5.36,,,,,,,6.876991,31.306978,POINT (6.876991 31.306978)
Sudan,2009,SDN,32.29,711462,25.3,35.8,,,,,,,,67.01,2.05,32.99,2.39,50.46,42.76,66.12,26.92,16.39,48.30,12.862807,30.217636,POINT (12.862807 30.217636)
Tanzania,2009,TZA,157.11,211,,,,,,24.32,16.30,13.78,22.95,72.56,1.96,27.44,5.32,42.02,29.46,75.22,17.79,13.99,27.83,-6.369028,34.888822,POINT (-6.369028 34.888822)
Togo,2009,TGO,326.88,571611,,,,,,,,,,62.94,1.97,37.06,3.99,56.18,39.58,84.36,12.91,4.71,26.83,8.619543,0.824782,POINT (8.619543 0.824782)
Tunisia,2009,TUN,,,,,,81.61,,,68.90,,81.33,33.62,0.22,66.38,1.49,91.69,77.05,99.10,85.18,66.58,94.60,33.886917,9.537499,POINT (33.886917 9.537499)
Uganda,2009,UGA,433.79,1301337,32.8,59.6,17,6.05,2.69,20.49,,,,81.12,2.56,18.88,5.82,37.96,29.84,72.87,18.15,15.81,28.20,1.373333,32.290275,POINT (1.373333 32.290275)
Zambia,2009,ZMB,172.00,0,,,,,,47.21,,,,61.14,2.02,38.86,4.08,55.21,36.91,84.00,25.19,15.47,40.48,-13.133897,27.849332,POINT (-13.133897 27.849332)
Zimbabwe,2009,ZWE,90.50,114028,17.3,23.6,7,,,,,,20.30,66.62,1.46,33.38,0.64,68.03,54.77,94.49,41.77,34.08,57.11,-19.015438,29.154857,POINT (-19.015438 29.154857)
Algeria,2010,DZA,0.00,1,,,,,,,18.07,20.27,17.01,32.46,-0.37,67.54,2.87,92.39,86.90,95.03,86.56,78.91,90.24,28.033886,1.659626,POINT (28.033886 1.659626)
Angola,2010,AGO,185.52,1682870,,,,,,,,,,40.22,1.83,59.78,4.93,50.38,24.88,67.53,41.06,16.77,57.40,-11.202692,17.873887,POINT (-11.202692 17.873887)
Benin,2010,BEN,387.76,0,,,,,,,,,,56.91,1.91,43.09,4.00,64.69,56.07,76.08,13.39,5.45,23.87,9.30769,2.315834,POINT (9.307689999999999 2.315834)
Botswana,2010,BWA,1.69,1046,,,,,,83.74,,,,37.59,-2.14,62.41,4.10,83.05,62.91,95.18,66.84,43.22,81.06,-22.328474,24.684866,POINT (-22.328474 24.684866)
Burkina Faso,2010,BFA,551.24,804539,47.4,35.1,5.2,,,,,,,75.37,2.29,24.63,5.29,50.82,42.19,77.25,16.98,8.00,44.45,12.238333,-1.561593,POINT (12.238333 -1.561593)
Burundi,2010,BDI,210.20,1763447,45.3,17.2,0.3,,,,,,,89.36,2.96,10.64,5.79,56.52,52.94,86.61,45.93,46.32,42.67,-3.373056,29.918886,POINT (-3.373056 29.918886)
Cabo Verde,2010,CPV,0.37,47,,,,,,,,,,38.18,-0.86,61.82,2.53,83.02,71.32,90.24,60.94,46.03,70.14,16.002082,-24.013197,POINT (16.002082 -24.013197)
Cameroon,2010,CMR,295.53,0,,,,,,,,,,48.44,1.51,51.56,3.93,60.25,39.03,80.19,39.03,21.23,55.75,7.369722,12.354722,POINT (7.369722 12.354722)
Central African Republic,2010,CAF,434.51,0,36.4,34.1,13.58270713,,,,,,,61.10,0.78,38.90,1.67,48.01,35.55,67.59,23.07,8.94,45.26,6.611111,20.939444,POINT (6.611111 20.939444)
Chad,2010,TCD,225.94,200448,9.8,42.7,6.063132461,,,,,,,78.02,3.27,21.99,3.57,39.82,30.49,72.95,10.37,4.52,31.14,15.454166,18.732207,POINT (15.454166 18.732207)
Comoros,2010,COM,52.98,36538,,,,,,,,,,72.03,2.34,27.97,2.60,83.41,81.38,88.62,34.33,30.00,45.45,-11.652,43.3726,POINT (-11.652 43.3726)
"Congo, Dem. Rep.",2010,COD,428.31,2417780,38.1,39.1,5.442918583,,,,,,,59.99,2.46,40.01,4.64,39.50,19.95,68.81,20.50,18.79,23.06,-4.038333,21.758664,POINT (-4.038333 21.758664)
"Congo, Rep.",2010,COG,220.92,0,,,,39.63,12.42,55.44,,,,36.74,1.82,63.26,3.77,65.89,31.20,86.05,16.08,6.04,21.92,-0.228021,15.827659,POINT (-0.228021 15.827659)
Cote d'Ivoire,2010,CIV,469.27,62726,,,,35.45,16.97,56.02,,,,52.67,1.54,47.33,3.23,72.09,56.92,88.98,26.84,12.60,42.69,7.539989,-5.54708,POINT (7.539989 -5.54708)
Djibouti,2010,DJI,1.60,1010,,,,,,,30.82,14.97,35.55,23.00,1.24,77.00,1.56,75.51,50.21,83.07,54.84,15.39,66.62,11.825138,42.590275,POINT (11.825138 42.590275)
"Egypt, Arab Rep.",2010,EGY,0.00,0,,,,,,,57.13,,67.00,56.98,2.02,43.02,1.94,98.60,97.94,99.47,93.40,90.70,96.97,26.820553,30.802498,POINT (26.820553 30.802498)
Equatorial Guinea,2010,GNQ,339.99,53813,,,,,,,,,,34.06,0.02,65.94,6.99,60.44,32.60,74.82,63.83,54.55,68.63,1.650801,10.267895,POINT (1.650801 10.267895)
Eritrea,2010,ERI,26.33,35982,20.4,1.5,,,,,,,,64.83,0.70,35.18,3.30,49.98,28.33,89.87,11.20,4.86,22.88,15.179384,39.782334,POINT (15.179384 39.782334)
Eswatini,2010,SWZ,0.90,268,1.5,1.7,1.117003718,,,83.03,,,,77.52,0.41,22.48,1.67,62.75,54.00,92.92,55.32,54.59,57.86,-26.522503,31.465866,POINT (-26.522503 31.465866)
Ethiopia,2010,ETH,128.40,1158197,,,,7.85,1.74,37.03,,2.79,,82.68,2.29,17.32,5.17,33.05,23.42,79.01,5.71,3.11,18.11,9.145,40.489673,POINT (9.145 40.489673)
Gabon,2010,GAB,177.82,13936,,,,,,,,,,14.47,-0.46,85.53,4.14,84.01,49.35,89.87,43.38,35.67,44.68,-0.803689,11.609444,POINT (-0.803689 11.609444)
"Gambia, The",2010,GMB,289.27,116353,33.3,30.2,,,,59.18,,,,44.34,1.37,55.66,4.31,76.59,64.88,85.93,44.10,40.52,46.96,13.443182,-15.310139,POINT (13.443182 -15.310139)
Ghana,2010,GHA,364.15,1071637,,,,25.39,5.94,44.28,,,,49.29,1.11,50.71,3.84,74.36,62.19,86.19,13.95,8.34,19.39,7.946527,-1.023194,POINT (7.946527 -1.023194)
Guinea,2010,GIN,414.66,20936,,,,,,,,,,66.32,1.83,33.68,3.12,63.00,51.67,85.31,17.27,10.91,29.79,9.945587,-9.696645,POINT (9.945587 -9.696645)
Guinea-Bissau,2010,GNB,134.37,50391,35.5,51.2,,,,,,,,59.89,1.92,40.11,3.56,61.71,49.07,80.57,16.92,6.96,31.80,11.7723,-15.1696,POINT (11.7723 -15.1696)
Kenya,2010,KEN,67.71,898531,42.2,,,,,55.95,,,,76.43,2.22,23.57,4.38,54.34,44.57,86.03,30.86,29.50,35.26,0.1769,37.9083,POINT (0.1769 37.9083)
Lesotho,2010,LSO,,,,,,,,,,,,75.20,-0.40,24.80,2.33,67.96,61.31,88.12,29.98,28.45,34.64,-29.609988,28.233608,POINT (-29.609988 28.233608)
Liberia,2010,LBR,345.77,922173,,,,,,,,,,52.19,2.89,47.81,4.36,69.30,57.74,81.92,15.92,5.08,27.75,6.428055,-9.429499,POINT (6.428055 -9.429499)
Libya,2010,LBY,0.00,0,,,,,,,27.32,,,21.95,0.06,78.05,1.31,93.19,,,99.05,,,26.3351,17.228331,POINT (26.3351 17.228331)
Madagascar,2010,MDG,42.24,202450,,,,,,,,,,68.06,1.86,31.94,4.81,46.10,30.98,78.31,7.90,5.00,14.08,-18.766947,46.869107,POINT (-18.766947 46.869107)
Malawi,2010,MWI,386.02,0,39.4,43.4,18.2,,,,,,,84.46,2.73,15.54,3.61,62.35,58.01,85.92,23.98,22.29,33.19,-13.254308,34.301525,POINT (-13.254308 34.301525)
Mali,2010,MLI,383.60,239787,45.6,34.8,,,,,13.82,16.90,8.33,64.00,1.92,36.00,5.40,66.31,55.37,85.77,28.75,19.72,44.81,17.570692,-3.996166,POINT (17.570692 -3.996166)
Mauritania,2010,MRT,38.83,6367,,,,,,,,,,53.41,1.25,46.59,4.88,57.78,38.96,79.36,32.44,13.69,53.94,21.00789,-10.940835,POINT (21.00789 -10.940835)
Mauritius,2010,MUS,,,,,,,,,,,,58.45,0.43,41.56,-0.03,99.73,99.62,99.88,94.23,93.61,95.11,-20.348404,57.552152,POINT (-20.348404 57.552152)
Morocco,2010,MAR,0.00,0,,,,64.45,32.07,87.87,36.89,,39.45,41.98,-0.05,58.02,2.27,77.39,53.25,94.86,81.10,67.10,91.23,31.7945,-7.0849,POINT (31.7945 -7.0849)
Mozambique,2010,MOZ,398.41,1522577,,,,,,,,9.85,,68.17,2.01,31.83,4.33,40.06,24.72,72.92,20.86,10.17,43.76,-18.665695,35.529562,POINT (-18.665695 35.529562)
Namibia,2010,NAM,1.54,556,,,,,,,,,,58.38,0.08,41.62,4.27,80.14,68.09,97.06,32.14,16.15,54.57,-22.95764,18.49041,POINT (-22.95764 18.49041)
Niger,2010,NER,425.64,642774,63.7,,,,,,7.45,4.97,20.31,83.78,3.85,16.22,3.82,44.70,36.27,88.24,10.56,5.52,36.63,17.607789,8.081666,POINT (17.607789 8.081666)
Nigeria,2010,NGA,398.90,551187,29.4,49.1,5.7,18.40,13.98,24.14,25.82,24.58,27.42,56.52,1.11,43.48,4.74,61.81,46.96,81.10,34.31,30.10,39.78,9.081999,8.675277,POINT (9.081999 8.675276999999999)
Rwanda,2010,RWA,126.31,669322,69.6,10.8,,,,35.24,,,,83.07,2.58,16.93,2.61,52.75,47.72,77.41,58.26,58.54,56.85,-1.940278,29.873888,POINT (-1.940278 29.873888)
Sao Tome and Principe,2010,STP,15.19,2740,,,,,,,,,,35.05,-0.65,64.95,4.28,77.20,69.68,81.26,34.03,23.62,39.65,0.18636,6.613081,POINT (0.18636 6.613081)
Senegal,2010,SEN,59.28,330331,,,,,,,17.42,17.85,16.88,56.23,2.01,43.77,3.69,72.10,57.28,91.14,46.49,32.40,64.59,14.497401,-14.452362,POINT (14.497401 -14.452362)
Seychelles,2010,SYC,,,,,,,,,,,,46.66,2.01,53.34,3.48,95.77,,,98.39,,,-4.679574,55.491977,POINT (-4.679574 55.491977)
Sierra Leone,2010,SLE,458.74,934028,30.3,62.1,17.54263277,7.40,4.81,11.48,11.33,6.71,18.61,61.14,1.62,38.86,3.26,51.94,38.83,72.57,13.20,6.77,23.33,8.460555,-11.779889,POINT (8.460554999999999 -11.779889)
Somalia,2010,SOM,29.59,24833,,,,,,,,,,60.69,0.04,39.31,7.07,39.98,21.20,68.97,29.07,13.41,53.23,5.152149,46.199616,POINT (5.152149 46.199616)
South Africa,2010,ZAF,1.57,8060,,,,,,87.25,,,,37.78,0.06,62.22,2.31,89.63,74.71,98.69,69.08,60.68,74.17,-30.559482,22.937506,POINT (-30.559482 22.937506)
South Sudan,2010,SSD,243.97,900283,,51.2,4.755756787,,,,,,,82.14,3.73,17.86,4.82,,,,,,,6.876991,31.306978,POINT (6.876991 31.306978)
Sudan,2010,SDN,30.66,720557,,65,0.438459589,,,,,,,66.91,2.08,33.09,2.52,51.87,44.25,67.28,28.24,17.50,49.95,12.862807,30.217636,POINT (12.862807 30.217636)
Tanzania,2010,TZA,145.46,1278998,63.6,59.1,2.7,,,28.04,17.55,15.02,24.03,71.89,1.98,28.11,5.34,43.81,31.03,76.49,19.30,15.23,29.70,-6.369028,34.888822,POINT (-6.369028 34.888822)
Togo,2010,TGO,308.88,1006702,57.1,33.8,17.48799174,,,,,,,62.47,1.94,37.53,3.97,57.30,40.69,84.95,13.29,5.01,27.06,8.619543,0.824782,POINT (8.619543 0.824782)
Tunisia,2010,TUN,,,,,,86.29,,,70.18,,82.25,33.34,0.20,66.66,1.46,92.46,78.91,99.24,86.09,68.83,94.72,33.886917,9.537499,POINT (33.886917 9.537499)
Uganda,2010,UGA,417.35,1581160,,,,6.19,2.89,19.90,,,,80.62,2.56,19.38,5.83,39.30,31.17,73.15,18.21,15.87,27.93,1.373333,32.290275,POINT (1.373333 32.290275)
Zambia,2010,ZMB,177.02,0,50,34,,,,47.07,,,,60.65,2.10,39.36,4.18,55.81,37.54,83.97,25.33,15.90,39.87,-13.133897,27.849332,POINT (-13.133897 27.849332)
Zimbabwe,2010,ZWE,109.43,249379,,,,,,,,,19.80,66.80,1.63,33.20,0.81,67.51,54.14,94.43,41.05,33.75,55.76,-19.015438,29.154857,POINT (-19.015438 29.154857)
Algeria,2011,DZA,0.00,1,,,,,,,18.01,20.37,16.91,31.76,-0.28,68.24,2.91,92.62,87.26,95.11,86.77,79.57,90.12,28.033886,1.659626,POINT (28.033886 1.659626)
Angola,2011,AGO,175.99,1632282,25.9,28.3,8.4,,,,,,,39.47,1.76,60.53,4.87,51.17,25.25,68.08,42.33,17.69,58.39,-11.202692,17.873887,POINT (-11.202692 17.873887)
Benin,2011,BEN,370.11,68745,,,,,,,,,,56.39,1.89,43.61,3.99,64.98,56.44,76.02,13.94,5.86,24.39,9.30769,2.315834,POINT (9.307689999999999 2.315834)
Botswana,2011,BWA,0.51,432,,,,,,83.66,,,,36.14,-2.53,63.87,3.72,84.34,64.70,95.45,68.59,44.32,82.33,-22.328474,24.684866,POINT (-22.328474 24.684866)
Burkina Faso,2011,BFA,539.56,428113,,,,,,,,,,74.80,2.26,25.20,5.27,50.37,41.19,77.63,17.39,8.52,43.75,12.238333,-1.561593,POINT (12.238333 -1.561593)
Burundi,2011,BDI,184.15,1575237,,,,,,,,,,89.09,2.90,10.92,5.74,57.13,53.46,87.06,45.93,46.34,42.59,-3.373056,29.918886,POINT (-3.373056 29.918886)
Cabo Verde,2011,CPV,0.05,7,,,,,,,,,,37.68,-0.07,62.32,2.06,83.51,71.42,90.82,62.86,48.41,71.60,16.002082,-24.013197,POINT (16.002082 -24.013197)
Cameroon,2011,CMR,265.10,33086,21,23.1,12,,,,,,,47.84,1.48,52.16,3.91,60.27,39.06,79.72,38.98,20.65,55.79,7.369722,12.354722,POINT (7.369722 12.354722)
Central African Republic,2011,CAF,419.33,0,,,,,,,,,,60.87,0.35,39.14,1.32,46.98,34.65,66.16,23.94,9.00,47.18,6.611111,20.939444,POINT (6.611111 20.939444)
Chad,2011,TCD,210.48,181126,,,,,,,,,,77.95,3.28,22.05,3.68,39.65,30.35,72.53,10.03,4.08,31.08,15.454166,18.732207,POINT (15.454166 18.732207)
Comoros,2011,COM,35.18,24856,,,,,,,,,,71.96,2.32,28.04,2.66,82.60,80.32,88.43,34.53,30.35,45.26,-11.652,43.3726,POINT (-11.652 43.3726)
"Congo, Dem. Rep.",2011,COD,399.59,4561981,,,,,,,,,,59.46,2.45,40.54,4.66,40.08,20.42,68.90,20.49,18.70,23.12,-4.038333,21.758664,POINT (-4.038333 21.758664)
"Congo, Rep.",2011,COG,224.38,37744,,,,41.39,13.30,57.38,,,,36.29,1.55,63.71,3.51,66.95,33.17,86.20,16.63,6.07,22.64,-0.228021,15.827659,POINT (-0.228021 15.827659)
Cote d'Ivoire,2011,CIV,442.11,29976,,,,35.61,17.07,55.90,,,,52.25,1.58,47.75,3.27,72.21,57.05,88.80,27.57,13.32,43.16,7.539989,-5.54708,POINT (7.539989 -5.54708)
Djibouti,2011,DJI,3.42,2189,,,,,,,31.62,15.53,36.41,22.94,1.31,77.06,1.68,75.52,49.76,83.19,56.09,15.96,68.03,11.825138,42.590275,POINT (11.825138 42.590275)
"Egypt, Arab Rep.",2011,EGY,0.00,0,,,,,,,57.61,,67.43,57.00,2.15,43.00,2.07,98.67,98.07,99.48,93.51,90.76,97.16,26.820553,30.802498,POINT (26.820553 30.802498)
Equatorial Guinea,2011,GNQ,342.40,22466,23,33.2,24.3,,,,,,,32.51,-0.17,67.49,6.80,61.63,31.99,75.91,64.63,55.45,69.05,1.650801,10.267895,POINT (1.650801 10.267895)
Eritrea,2011,ERI,23.86,34848,,,,,,,,,,64.23,0.44,35.77,3.04,50.15,28.07,89.80,11.37,5.21,22.44,15.179384,39.782334,POINT (15.179384 39.782334)
Eswatini,2011,SWZ,1.83,549,,,,,,84.68,,,,77.30,0.39,22.70,1.65,63.82,55.09,93.56,55.84,55.59,56.71,-26.522503,31.465866,POINT (-26.522503 31.465866)
Ethiopia,2011,ETH,116.13,1480306,30.1,3.6,,8.30,2.07,37.24,,2.95,,82.27,2.31,17.74,5.19,34.32,24.65,79.20,5.94,3.27,18.33,9.145,40.489673,POINT (9.145 40.489673)
Gabon,2011,GAB,212.72,0,,,,,,,,,,13.91,-0.28,86.09,4.31,84.30,50.45,89.76,44.31,36.16,45.63,-0.803689,11.609444,POINT (-0.803689 11.609444)
"Gambia, The",2011,GMB,257.26,268020,,,,,,60.99,,,,43.62,1.38,56.38,4.31,76.79,64.58,86.24,43.00,38.25,46.68,13.443182,-15.310139,POINT (13.443182 -15.310139)
Ghana,2011,GHA,379.52,1041260,39,52.6,39.38870369,26.87,6.67,45.98,,,,48.61,1.03,51.39,3.76,75.37,62.97,87.10,14.57,8.83,20.00,7.946527,-1.023194,POINT (7.946527 -1.023194)
Guinea,2011,GIN,426.90,95574,,,,,,,,,,66.03,1.78,33.97,3.07,62.90,51.34,85.37,18.02,11.73,30.24,9.945587,-9.696645,POINT (9.945587 -9.696645)
Guinea-Bissau,2011,GNB,140.55,71982,,,,,,,,,,59.49,1.95,40.51,3.60,62.52,49.82,81.17,17.49,7.18,32.64,11.7723,-15.1696,POINT (11.7723 -15.1696)
Kenya,2011,KEN,67.86,1002805,,,,,,55.09,,,,76.03,2.17,23.97,4.37,55.01,45.30,85.83,30.59,29.14,35.18,0.1769,37.9083,POINT (0.1769 37.9083)
Lesotho,2011,LSO,,,,,,,,,,,,74.69,-0.27,25.31,2.45,68.07,61.00,88.92,31.87,30.54,35.81,-29.609988,28.233608,POINT (-29.609988 28.233608)
Liberia,2011,LBR,330.41,1921159,37.1,57.1,26.5,,,,,,,51.81,2.46,48.19,3.98,69.84,58.37,82.18,16.08,5.19,27.78,6.428055,-9.429499,POINT (6.428055 -9.429499)
Libya,2011,LBY,0.00,0,,,,,,,27.12,,,21.72,-0.23,78.28,1.09,94.08,,,99.21,,,26.3351,17.228331,POINT (26.3351 17.228331)
Madagascar,2011,MDG,36.55,224498,76.5,19.8,4.8,,,,,,,67.42,1.81,32.58,4.75,47.25,31.73,79.37,8.26,5.20,14.59,-18.766947,46.869107,POINT (-18.766947 46.869107)
Malawi,2011,MWI,362.78,304499,,,,,,,,,,84.33,2.71,15.67,3.68,63.28,59.07,85.91,24.30,22.62,33.31,-13.254308,34.301525,POINT (-13.254308 34.301525)
Mali,2011,MLI,404.73,307035,,,,,,,14.51,18.04,8.44,63.20,1.79,36.80,5.24,68.05,57.19,86.69,30.19,20.99,45.97,17.570692,-3.996166,POINT (17.570692 -3.996166)
Mauritania,2011,MRT,47.58,5991,18.7,19.7,6.46138589,,,,,,,52.51,1.24,47.49,4.87,59.60,40.47,80.75,34.51,14.42,56.72,21.00789,-10.940835,POINT (21.00789 -10.940835)
Mauritius,2011,MUS,,,,,,,,,,,,58.56,0.35,41.44,-0.11,99.78,99.69,99.90,94.66,94.13,95.39,-20.348404,57.552152,POINT (-20.348404 57.552152)
Morocco,2011,MAR,0.00,0,,,,65.41,33.38,88.05,37.34,,39.74,41.42,0.00,58.58,2.31,78.96,56.04,95.16,82.65,69.24,92.13,31.7945,-7.0849,POINT (31.7945 -7.0849)
Mozambique,2011,MOZ,389.92,1756874,35.7,29.9,9.5,,,,,10.73,,67.66,2.00,32.34,4.33,42.28,26.86,74.54,22.03,11.07,44.97,-18.665695,35.529562,POINT (-18.665695 35.529562)
Namibia,2011,NAM,2.13,1860,,,,,,,,,,57.36,0.01,42.64,4.19,80.49,68.25,96.97,32.51,16.44,54.12,-22.95764,18.49041,POINT (-22.95764 18.49041)
Niger,2011,NER,427.88,838585,,,,,,,7.79,5.28,20.77,83.78,3.88,16.22,3.85,45.53,37.37,87.68,11.02,5.86,37.69,17.607789,8.081666,POINT (17.607789 8.081666)
Nigeria,2011,NGA,372.56,0,16.4,44.6,5.953138182,18.67,14.24,24.21,25.94,24.50,27.75,55.63,1.10,44.37,4.70,63.19,48.19,82.00,34.94,30.20,40.89,9.081999,8.675277,POINT (9.081999 8.675276999999999)
Rwanda,2011,RWA,39.29,273293,69.6,,,,,36.38,,,,83.06,2.49,16.94,2.52,53.44,48.42,78.09,59.47,60.14,56.17,-1.940278,29.873888,POINT (-1.940278 29.873888)
Sao Tome and Principe,2011,STP,45.75,8442,,,,,,,,,,33.94,-0.95,66.06,3.97,78.45,70.87,82.35,35.49,24.80,40.98,0.18636,6.613081,POINT (0.18636 6.613081)
Senegal,2011,SEN,49.91,274119,34.5,8.2,13.2,,,,17.99,18.31,17.59,55.81,2.03,44.19,3.71,73.34,59.11,91.30,47.23,33.42,64.66,14.497401,-14.452362,POINT (14.497401 -14.452362)
Seychelles,2011,SYC,,,,,,,,,,,,46.28,-3.45,53.72,-1.91,96.03,,,98.81,,,-4.679574,55.491977,POINT (-4.679574 55.491977)
Sierra Leone,2011,SLE,453.65,638859,,,,7.73,5.25,11.57,11.62,6.94,18.85,60.75,1.63,39.25,3.28,53.23,40.44,73.03,13.55,7.01,23.66,8.460555,-11.779889,POINT (8.460554999999999 -11.779889)
Somalia,2011,SOM,24.35,3351,,,,,,,,,,59.00,-0.10,41.00,6.93,42.31,22.42,70.94,30.71,14.29,54.32,5.152149,46.199616,POINT (5.152149 46.199616)
South Africa,2011,ZAF,1.90,9866,,,,,,86.48,,,,37.25,0.12,62.75,2.37,90.09,75.56,98.72,70.06,62.62,74.48,-30.559482,22.937506,POINT (-30.559482 22.937506)
South Sudan,2011,SSD,235.87,112024,,,,,,,,,,81.97,3.12,18.03,4.29,41.09,38.68,52.01,6.63,3.95,18.81,6.876991,31.306978,POINT (6.876991 31.306978)
Sudan,2011,SDN,29.97,506806,,,,,,,,,,66.79,2.13,33.21,2.66,53.28,45.74,68.44,29.57,18.61,51.62,12.862807,30.217636,POINT (12.862807 30.217636)
Tanzania,2011,TZA,132.48,2150761,,,,,,31.84,18.72,16.14,25.10,71.20,1.99,28.80,5.35,45.62,32.62,77.76,20.81,16.46,31.57,-6.369028,34.888822,POINT (-6.369028 34.888822)
Togo,2011,TGO,313.40,519450,,,,,,,,,,61.97,1.88,38.03,4.00,58.43,41.79,85.53,13.68,5.33,27.29,8.619543,0.824782,POINT (8.619543 0.824782)
Tunisia,2011,TUN,,,,,,90.85,,,71.47,,83.17,33.06,0.15,66.94,1.42,93.23,80.78,99.38,86.99,71.12,94.83,33.886917,9.537499,POINT (33.886917 9.537499)
Uganda,2011,UGA,385.70,231873,42.8,64.5,10.3,6.32,3.10,19.31,,,,80.10,2.54,19.90,5.81,40.66,32.52,73.42,18.26,15.93,27.67,1.373333,32.290275,POINT (1.373333 32.290275)
Zambia,2011,ZMB,186.70,0,,,,,,46.92,,,,60.15,2.20,39.85,4.27,56.40,38.16,83.93,25.48,16.34,39.27,-13.133897,27.849332,POINT (-13.133897 27.849332)
Zimbabwe,2011,ZWE,70.68,319935,9.7,2.3,5,,,,,,19.30,66.99,1.81,33.02,0.99,67.00,53.51,94.37,40.35,33.42,54.40,-19.015438,29.154857,POINT (-19.015438 29.154857)
Algeria,2012,DZA,0.03,55,,,,,,,17.94,20.48,16.80,31.08,-0.21,68.92,2.94,92.84,87.62,95.19,86.97,80.23,90.01,28.033886,1.659626,POINT (28.033886 1.659626)
Angola,2012,AGO,174.43,1496834,,,,,,,,,,38.73,1.71,61.27,4.81,51.97,25.61,68.63,43.59,18.61,59.38,-11.202692,17.873887,POINT (-11.202692 17.873887)
Benin,2012,BEN,378.03,705839,69.7,38.4,10,,,,,,,55.88,1.88,44.13,3.98,65.26,56.81,75.97,14.51,6.29,24.91,9.30769,2.315834,POINT (9.307689999999999 2.315834)
Botswana,2012,BWA,0.22,193,30.9,,,,,83.59,,,,35.23,-1.34,64.77,2.60,85.42,66.49,95.72,70.15,45.42,83.60,-22.328474,24.684866,POINT (-22.328474 24.684866)
Burkina Faso,2012,BFA,527.54,3858046,,,,,,,,,,74.23,2.23,25.77,5.24,49.92,40.18,78.00,17.79,9.02,43.05,12.238333,-1.561593,POINT (12.238333 -1.561593)
Burundi,2012,BDI,153.93,2166690,53.8,25.4,0,,,,,,,88.81,2.85,11.19,5.68,57.74,53.98,87.51,45.92,46.35,42.49,-3.373056,29.918886,POINT (-3.373056 29.918886)
Cabo Verde,2012,CPV,0.01,1,,,,,,,,,,37.18,-0.06,62.82,2.07,84.01,71.52,91.40,64.78,50.79,73.06,16.002082,-24.013197,POINT (16.002082 -24.013197)
Cameroon,2012,CMR,245.13,66656,,,,,,,,,,47.23,1.46,52.77,3.88,60.28,39.08,79.25,38.93,20.07,55.82,7.369722,12.354722,POINT (7.369722 12.354722)
Central African Republic,2012,CAF,413.09,87566,,,,,,,,,,60.61,-0.01,39.39,1.05,45.95,33.75,64.74,24.83,9.05,49.10,6.611111,20.939444,POINT (6.611111 20.939444)
Chad,2012,TCD,195.34,7710,,,,,,,,,,77.86,3.26,22.14,3.77,39.49,30.21,72.11,9.71,3.66,31.00,15.454166,18.732207,POINT (15.454166 18.732207)
Comoros,2012,COM,68.85,49840,41.1,26.7,11,,,,,,,71.88,2.30,28.12,2.71,81.79,79.27,88.24,34.69,30.65,45.01,-11.652,43.3726,POINT (-11.652 43.3726)
"Congo, Dem. Rep.",2012,COD,363.00,4791598,,,,,,,,,,58.92,2.43,41.08,4.66,40.65,20.89,68.99,20.48,18.60,23.17,-4.038333,21.758664,POINT (-4.038333 21.758664)
"Congo, Rep.",2012,COG,224.63,120319,26.3,25,12.1,42.43,14.20,58.19,,,,35.83,1.32,64.17,3.31,68.01,35.17,86.34,17.18,6.10,23.37,-0.228021,15.827659,POINT (-0.228021 15.827659)
Cote d'Ivoire,2012,CIV,396.28,1140627,37.2,17.5,8.1,35.77,17.18,55.77,,,,51.83,1.63,48.17,3.31,72.33,57.18,88.62,28.31,14.06,43.64,7.539989,-5.54708,POINT (7.539989 -5.54708)
Djibouti,2012,DJI,3.31,2153,,,,,,,32.43,16.10,37.27,22.86,1.36,77.14,1.78,75.53,49.31,83.30,57.33,16.53,69.43,11.825138,42.590275,POINT (11.825138 42.590275)
"Egypt, Arab Rep.",2012,EGY,0.00,0,,,,,,,58.08,,67.86,57.05,2.31,42.95,2.09,98.74,98.19,99.48,93.63,90.82,97.35,26.820553,30.802498,POINT (26.820553 30.802498)
Equatorial Guinea,2012,GNQ,357.75,15169,,,,,,,,,,31.00,-0.37,69.00,6.61,62.85,31.38,76.99,65.41,56.35,69.47,1.650801,10.267895,POINT (1.650801 10.267895)
Eritrea,2012,ERI,16.15,21815,,,,,,,,,,,,,,50.33,27.80,89.74,11.54,5.56,21.99,15.179384,39.782334,POINT (15.179384 39.782334)
Eswatini,2012,SWZ,1.86,562,,,,,,86.33,,,,77.15,0.48,22.85,1.33,64.86,56.17,94.21,56.36,56.59,55.55,-26.522503,31.465866,POINT (-26.522503 31.465866)
Ethiopia,2012,ETH,116.19,1692578,,,,8.78,2.42,37.44,,3.10,,81.84,2.31,18.16,5.20,35.56,25.83,79.39,6.18,3.43,18.54,9.145,40.489673,POINT (9.145 40.489673)
Gabon,2012,GAB,245.53,19753,38.8,25.9,6.8,,,,,,,13.37,-0.19,86.63,4.42,84.56,51.52,89.65,45.25,36.64,46.58,-0.803689,11.609444,POINT (-0.803689 11.609444)
"Gambia, The",2012,GMB,274.82,313469,,,,,,62.81,,,,42.90,1.36,57.11,4.30,77.00,64.28,86.55,41.94,36.02,46.39,13.443182,-15.310139,POINT (13.443182 -15.310139)
Ghana,2012,GHA,374.29,3755166,,,,28.39,7.42,47.70,,,,47.93,0.96,52.07,3.68,76.38,63.74,88.01,15.21,9.33,20.62,7.946527,-1.023194,POINT (7.946527 -1.023194)
Guinea,2012,GIN,427.80,340258,26,28.1,11.2,,,,,,,65.75,1.76,34.26,3.05,62.78,50.99,85.42,18.76,12.55,30.68,9.945587,-9.696645,POINT (9.945587 -9.696645)
Guinea-Bissau,2012,GNB,128.75,50381,,,,,,,,,,59.09,1.98,40.91,3.63,63.32,50.56,81.76,18.07,7.39,33.48,11.7723,-15.1696,POINT (11.7723 -15.1696)
Kenya,2012,KEN,73.36,1453471,,,,,,54.24,,,,75.62,2.13,24.38,4.35,55.68,46.02,85.63,30.32,28.78,35.10,0.1769,37.9083,POINT (0.1769 37.9083)
Lesotho,2012,LSO,,,,,,,,,,,,74.30,0.03,25.70,2.10,68.16,60.70,89.72,33.72,32.60,36.97,-29.609988,28.233608,POINT (-29.609988 28.233608)
Liberia,2012,LBR,307.90,1412629,,,,,,,,,,51.42,2.14,48.58,3.71,70.38,59.00,82.43,16.23,5.31,27.80,6.428055,-9.429499,POINT (6.428055 -9.429499)
Libya,2012,LBY,0.00,0,,,,,,,26.92,,,21.49,-0.48,78.51,0.91,94.97,,,99.37,,,26.3351,17.228331,POINT (26.3351 17.228331)
Madagascar,2012,MDG,71.36,402900,,,,,,,,,,66.77,1.77,33.23,4.70,48.41,32.48,80.43,8.62,5.40,15.11,-18.766947,46.869107,POINT (-18.766947 46.869107)
Malawi,2012,MWI,314.02,1564984,56,32.5,12.7,,,,,,,84.19,2.69,15.81,3.75,64.21,60.13,85.90,24.62,22.96,33.44,-13.254308,34.301525,POINT (-13.254308 34.301525)
Mali,2012,MLI,435.65,968136,,,10.76045256,,,,15.21,19.22,8.55,62.40,1.68,37.60,5.10,69.77,59.02,87.62,31.64,22.30,47.15,17.570692,-3.996166,POINT (17.570692 -3.996166)
Mauritania,2012,MRT,28.42,9037,,,,,,,,,,51.60,1.21,48.40,4.85,61.43,42.00,82.15,36.64,15.15,59.56,21.00789,-10.940835,POINT (21.00789 -10.940835)
Mauritius,2012,MUS,,,,,,,,,,,,58.67,0.47,41.33,0.01,99.82,99.76,99.91,95.08,94.66,95.68,-20.348404,57.552152,POINT (-20.348404 57.552152)
Morocco,2012,MAR,0.00,0,,,,66.35,34.69,88.23,37.79,,40.04,40.86,0.03,59.14,2.35,80.51,58.88,95.46,84.20,71.41,93.03,31.7945,-7.0849,POINT (31.7945 -7.0849)
Mozambique,2012,MOZ,381.78,1853276,,,,,,,,11.63,,67.15,2.00,32.85,4.32,44.50,29.01,76.17,23.22,11.99,46.19,-18.665695,35.529562,POINT (-18.665695 35.529562)
Namibia,2012,NAM,3.36,194,,,,,,,,,,56.31,-0.11,43.69,4.20,80.85,68.41,96.87,32.87,16.74,53.67,-22.95764,18.49041,POINT (-22.95764 18.49041)
Niger,2012,NER,430.51,2329260,20.1,19.2,9.1,,,,8.12,5.58,21.22,83.79,3.90,16.21,3.87,46.34,38.45,87.11,11.47,6.20,38.73,17.607789,8.081666,POINT (17.607789 8.081666)
Nigeria,2012,NGA,347.74,0,,,,18.93,14.50,24.29,26.06,24.41,28.06,54.75,1.09,45.25,4.64,64.57,49.42,82.90,35.59,30.29,42.02,9.081999,8.675277,POINT (9.081999 8.675276999999999)
Rwanda,2012,RWA,71.46,563852,,,,,,37.53,,,,83.06,2.45,16.94,2.49,54.14,49.11,78.77,60.67,61.73,55.48,-1.940278,29.873888,POINT (-1.940278 29.873888)
Sao Tome and Principe,2012,STP,56.80,10701,,,,,,,,,,32.84,-1.20,67.16,3.73,79.71,72.07,83.44,36.96,26.01,42.32,0.18636,6.613081,POINT (0.18636 6.613081)
Senegal,2012,SEN,56.92,280241,,,,,,,18.56,18.77,18.30,55.40,2.04,44.60,3.72,74.57,60.96,91.47,47.95,34.44,64.73,14.497401,-14.452362,POINT (14.497401 -14.452362)
Seychelles,2012,SYC,,,,,,,,,,,,45.88,0.11,54.12,1.72,96.23,,,99.24,,,-4.679574,55.491977,POINT (-4.679574 55.491977)
Sierra Leone,2012,SLE,447.47,1537322,,,,8.08,5.72,11.66,11.90,7.18,19.08,60.36,1.60,39.64,3.25,54.51,42.05,73.49,13.89,7.26,23.99,8.460555,-11.779889,POINT (8.460554999999999 -11.779889)
Somalia,2012,SOM,24.45,35712,,,,,,,,,,58.44,1.75,41.56,4.06,44.07,23.57,72.91,31.92,15.20,55.43,5.152149,46.199616,POINT (5.152149 46.199616)
South Africa,2012,ZAF,1.25,6621,,,,,,85.72,,,,36.73,0.16,63.27,2.42,90.55,76.42,98.75,71.03,64.58,74.78,-30.559482,22.937506,POINT (-30.559482 22.937506)
South Sudan,2012,SSD,232.68,225371,,,,,,,,,,81.78,2.61,18.22,3.86,41.09,38.21,54.05,7.31,4.16,21.50,6.876991,31.306978,POINT (6.876991 31.306978)
Sudan,2012,SDN,30.16,526931,,,,,,,,,,66.65,2.15,33.35,2.78,54.69,47.23,69.60,30.92,19.72,53.30,12.862807,30.217636,POINT (12.862807 30.217636)
Tanzania,2012,TZA,116.25,1986955,72,53.7,4,,,32.89,19.84,17.19,26.17,70.51,1.99,29.49,5.36,47.44,34.22,79.04,22.32,17.68,33.42,-6.369028,34.888822,POINT (-6.369028 34.888822)
Togo,2012,TGO,349.70,909129,,,,,,,,,,61.45,1.83,38.55,4.00,59.56,42.89,86.12,14.08,5.65,27.52,8.619543,0.824782,POINT (8.619543 0.824782)
Tunisia,2012,TUN,,,,,,91.22,,,72.78,,84.10,32.78,0.12,67.22,1.39,94.00,82.68,99.52,87.90,73.45,94.95,33.886917,9.537499,POINT (33.886917 9.537499)
Uganda,2012,UGA,331.77,2662258,,,,6.45,3.31,18.71,,,,79.58,2.52,20.42,5.79,42.03,33.90,73.70,18.31,15.98,27.40,1.373333,32.290275,POINT (1.373333 32.290275)
Zambia,2012,ZMB,203.08,0,57,36.9,52.4,,,46.77,,,,59.65,2.26,40.35,4.36,56.99,38.78,83.89,25.61,16.78,38.66,-13.133897,27.849332,POINT (-13.133897 27.849332)
Zimbabwe,2012,ZWE,57.22,276963,,,,,,,,,18.80,67.17,1.97,32.83,1.15,66.49,52.89,94.30,39.64,33.09,53.05,-19.015438,29.154857,POINT (-19.015438 29.154857)
Algeria,2013,DZA,0.00,8,,,,,,,17.88,20.58,16.70,30.42,-0.15,69.58,2.96,93.06,87.98,95.28,87.16,80.89,89.90,28.033886,1.659626,POINT (28.033886 1.659626)
Angola,2013,AGO,180.90,1999868,,,,,,,,,,38.00,1.64,62.00,4.74,52.76,25.98,69.17,44.85,19.54,60.37,-11.202692,17.873887,POINT (-11.202692 17.873887)
Benin,2013,BEN,395.00,1090602,,,,,,,,,,55.36,1.86,44.64,3.96,65.54,57.17,75.91,15.08,6.74,25.43,9.30769,2.315834,POINT (9.307689999999999 2.315834)
Botswana,2013,BWA,0.53,456,,,,,,83.51,,,,34.43,-1.19,65.57,2.35,86.46,68.28,96.00,71.68,46.53,84.89,-22.328474,24.684866,POINT (-22.328474 24.684866)
Burkina Faso,2013,BFA,487.52,3769051,,,,,,,,,,73.65,2.20,26.35,5.20,49.49,39.16,78.37,18.16,9.51,42.33,12.238333,-1.561593,POINT (12.238333 -1.561593)
Burundi,2013,BDI,140.59,4178338,,,,,,,,,,88.52,2.81,11.48,5.67,58.35,54.51,87.97,45.91,46.37,42.38,-3.373056,29.918886,POINT (-3.373056 29.918886)
Cabo Verde,2013,CPV,0.17,22,,,,,,,,,,36.68,-0.06,63.32,2.07,84.52,71.62,91.99,66.69,53.17,74.52,16.002082,-24.013197,POINT (16.002082 -24.013197)
Cameroon,2013,CMR,243.04,69232,,,,,,,,,,46.63,1.43,53.37,3.86,60.27,39.08,78.78,38.90,19.49,55.85,7.369722,12.354722,POINT (7.369722 12.354722)
Central African Republic,2013,CAF,406.82,163701,,,,,,,,,,60.34,-0.20,39.66,0.96,46.04,33.75,64.74,24.94,9.05,49.10,6.611111,20.939444,POINT (6.611111 20.939444)
Chad,2013,TCD,179.35,754565,,,,,,,,,,77.75,3.21,22.25,3.83,39.32,30.07,71.68,9.40,3.26,30.88,15.454166,18.732207,POINT (15.454166 18.732207)
Comoros,2013,COM,71.69,53156,,,,,,,,,,71.78,2.27,28.22,2.76,81.00,78.22,88.05,34.80,30.90,44.71,-11.652,43.3726,POINT (-11.652 43.3726)
"Congo, Dem. Rep.",2013,COD,327.62,6719887,,,,,,,,,,58.37,2.40,41.63,4.65,41.23,21.37,69.08,20.47,18.50,23.23,-4.038333,21.758664,POINT (-4.038333 21.758664)
"Congo, Rep.",2013,COG,231.03,43232,,,,43.01,15.12,58.28,,,,35.37,1.18,64.63,3.18,69.06,37.21,86.49,17.76,6.13,24.12,-0.228021,15.827659,POINT (-0.228021 15.827659)
Cote d'Ivoire,2013,CIV,338.87,2524326,,,,35.93,17.29,55.65,,,,51.41,1.66,48.59,3.35,72.44,57.31,88.44,29.05,14.81,44.12,7.539989,-5.54708,POINT (7.539989 -5.54708)
Djibouti,2013,DJI,2.54,1684,,,,,,,33.23,16.66,38.12,22.78,1.36,77.22,1.84,75.54,48.86,83.41,58.59,17.11,70.82,11.825138,42.590275,POINT (11.825138 42.590275)
"Egypt, Arab Rep.",2013,EGY,0.00,0,,,,,,,58.55,,68.29,57.11,2.36,42.89,2.14,98.82,98.32,99.48,93.74,90.89,97.54,26.820553,30.802498,POINT (26.820553 30.802498)
Equatorial Guinea,2013,GNQ,365.75,16405,,,,,,,,,,30.46,2.52,69.54,5.08,63.67,30.78,78.08,66.05,57.25,69.90,1.650801,10.267895,POINT (1.650801 10.267895)
Eritrea,2013,ERI,15.03,21317,,,,,,,,,,,,,,50.71,27.80,89.74,11.64,5.56,21.99,15.179384,39.782334,POINT (15.179384 39.782334)
Eswatini,2013,SWZ,3.16,962,,,,,,87.22,,,,77.00,0.50,23.00,1.35,65.90,57.25,94.85,56.87,57.60,54.39,-26.522503,31.465866,POINT (-26.522503 31.465866)
Ethiopia,2013,ETH,111.60,2645454,,,,9.27,2.79,37.64,,3.25,,81.43,2.32,18.58,5.09,36.74,26.97,79.57,6.41,3.59,18.75,9.145,40.489673,POINT (9.145 40.489673)
Gabon,2013,GAB,272.83,28982,,,,,,,,,,12.84,-0.20,87.16,4.38,84.79,52.57,89.54,46.19,37.11,47.53,-0.803689,11.609444,POINT (-0.803689 11.609444)
"Gambia, The",2013,GMB,236.99,242513,47.2,6.7,5.7,,,64.63,,,,42.18,1.35,57.82,4.28,77.21,63.98,86.87,40.92,33.84,46.09,13.443182,-15.310139,POINT (13.443182 -15.310139)
Ghana,2013,GHA,349.28,1639451,,,,29.94,8.19,49.43,,,,47.25,0.91,52.75,3.61,77.39,64.51,88.93,15.85,9.83,21.24,7.946527,-1.023194,POINT (7.946527 -1.023194)
Guinea,2013,GIN,408.08,211257,,,,,,,,,,65.46,1.79,34.55,3.08,62.64,50.60,85.46,19.50,13.38,31.10,9.945587,-9.696645,POINT (9.945587 -9.696645)
Guinea-Bissau,2013,GNB,113.39,54584,,,,,,,,,,58.69,1.98,41.31,3.64,64.13,51.30,82.35,18.64,7.60,34.33,11.7723,-15.1696,POINT (11.7723 -15.1696)
Kenya,2013,KEN,82.48,2375129,,,,,,53.39,,,,75.21,2.06,24.79,4.32,56.34,46.74,85.44,30.06,28.42,35.02,0.1769,37.9083,POINT (0.1769 37.9083)
Lesotho,2013,LSO,,,,,,,,,,,,73.90,0.13,26.10,2.20,68.26,60.40,90.52,35.54,34.64,38.09,-29.609988,28.233608,POINT (-29.609988 28.233608)
Liberia,2013,LBR,317.28,1244220,38.1,55.7,17.9,,,,,,,51.02,1.90,48.99,3.51,70.91,59.61,82.67,16.39,5.42,27.81,6.428055,-9.429499,POINT (6.428055 -9.429499)
Libya,2013,LBY,0.00,0,,,,,,,26.72,,,21.24,-0.59,78.76,0.86,95.86,,,99.54,,,26.3351,17.228331,POINT (26.3351 17.228331)
Madagascar,2013,MDG,65.21,433450,61.5,11.2,3.9,,,,,,,66.12,1.73,33.88,4.65,49.59,33.24,81.50,8.99,5.59,15.63,-18.766947,46.869107,POINT (-18.766947 46.869107)
Malawi,2013,MWI,267.86,1280892,,,,,,,,,,84.03,2.66,15.97,3.81,65.14,61.19,85.89,24.94,23.30,33.56,-13.254308,34.301525,POINT (-13.254308 34.301525)
Mali,2013,MLI,452.82,1506940,69,22.5,11.8,,,,15.91,20.43,8.67,61.60,1.61,38.40,5.00,71.49,60.87,88.54,33.13,23.65,48.34,17.570692,-3.996166,POINT (17.570692 -3.996166)
Mauritania,2013,MRT,33.22,13085,,,,,,,,,,50.69,1.18,49.31,4.80,63.27,43.55,83.55,38.86,15.89,62.47,21.00789,-10.940835,POINT (21.00789 -10.940835)
Mauritius,2013,MUS,,,,,,,,,,,,58.78,0.41,41.22,-0.05,99.87,99.83,99.92,95.51,95.18,95.97,-20.348404,57.552152,POINT (-20.348404 57.552152)
Morocco,2013,MAR,0.00,0,,,,67.28,36.00,88.40,38.24,,40.33,40.30,0.04,59.70,2.35,82.06,61.77,95.76,85.74,73.59,93.94,31.7945,-7.0849,POINT (31.7945 -7.0849)
Mozambique,2013,MOZ,376.98,3282172,,,,,,,,12.53,,66.64,2.00,33.36,4.32,46.73,31.17,77.80,24.43,12.92,47.41,-18.665695,35.529562,POINT (-18.665695 35.529562)
Namibia,2013,NAM,4.55,4911,5.6,8.4,3.4,,,,,,,55.24,-0.16,44.76,4.15,81.20,68.57,96.78,33.23,17.03,53.22,-22.95764,18.49041,POINT (-22.95764 18.49041)
Niger,2013,NER,420.49,2373591,,,,,,,8.43,5.87,21.67,83.79,3.91,16.21,3.88,47.14,39.52,86.55,11.91,6.52,39.77,17.607789,8.081666,POINT (17.607789 8.081666)
Nigeria,2013,NGA,328.65,0,16.6,32.7,7.1,19.18,14.75,24.36,26.18,24.32,28.37,53.88,1.07,46.12,4.59,65.94,50.65,83.81,36.27,30.37,43.16,9.081999,8.675277,POINT (9.081999 8.675276999999999)
Rwanda,2013,RWA,121.45,1040557,74.1,12,,,,38.70,,,,83.05,2.45,16.95,2.48,54.84,49.81,79.46,61.87,63.31,54.78,-1.940278,29.873888,POINT (-1.940278 29.873888)
Sao Tome and Principe,2013,STP,48.12,9243,,,,,,,,,,31.79,-1.31,68.21,3.48,80.96,73.28,84.54,38.43,27.23,43.65,0.18636,6.613081,POINT (0.18636 6.613081)
Senegal,2013,SEN,67.90,366687,45.8,6.2,4.6,,,,19.13,19.23,19.01,54.98,2.05,45.02,3.73,75.80,62.82,91.64,48.67,35.47,64.80,14.497401,-14.452362,POINT (14.497401 -14.452362)
Seychelles,2013,SYC,,,,,,,,,,,,45.46,0.94,54.54,2.61,96.24,,,99.58,,,-4.679574,55.491977,POINT (-4.679574 55.491977)
Sierra Leone,2013,SLE,432.70,1701958,49,48.3,20.7,8.43,6.21,11.75,12.19,7.42,19.32,59.96,1.58,40.04,3.22,55.79,43.66,73.94,14.24,7.50,24.32,8.460555,-11.779889,POINT (8.460554999999999 -11.779889)
Somalia,2013,SOM,28.05,8944,,,,,,,,,,57.88,1.74,42.12,4.04,45.80,24.64,74.89,33.15,16.14,56.54,5.152149,46.199616,POINT (5.152149 46.199616)
South Africa,2013,ZAF,1.61,8645,,,,,,84.95,,,,36.21,0.18,63.79,2.43,90.99,77.27,98.78,72.00,66.55,75.08,-30.559482,22.937506,POINT (-30.559482 22.937506)
South Sudan,2013,SSD,234.38,262520,45.8,31.9,,,,,,,,81.59,2.12,18.42,3.44,41.07,37.67,56.13,8.04,4.36,24.31,6.876991,31.306978,POINT (6.876991 31.306978)
Sudan,2013,SDN,31.45,592383,,,,,,,,,,66.49,2.16,33.51,2.88,56.11,48.72,70.76,32.29,20.84,55.00,12.862807,30.217636,POINT (12.862807 30.217636)
Tanzania,2013,TZA,111.78,1550250,,,,,,33.30,20.96,18.25,27.23,69.80,1.99,30.20,5.35,49.27,35.84,80.32,23.83,18.89,35.27,-6.369028,34.888822,POINT (-6.369028 34.888822)
Togo,2013,TGO,385.39,965334,,,,,,,,,,60.94,1.79,39.06,3.96,60.68,43.99,86.71,14.48,5.98,27.74,8.619543,0.824782,POINT (8.619543 0.824782)
Tunisia,2013,TUN,,,,,,91.58,,,74.10,,85.03,32.51,0.12,67.50,1.38,94.76,84.60,99.66,88.80,75.81,95.06,33.886917,9.537499,POINT (33.886917 9.537499)
Uganda,2013,UGA,254.24,1502362,,,,6.58,3.53,18.11,,,,79.04,2.56,20.96,5.82,43.42,35.32,73.98,18.36,16.03,27.14,1.373333,32.290275,POINT (1.373333 32.290275)
Zambia,2013,ZMB,225.77,0,,,,,,46.63,,,,59.14,2.28,40.87,4.40,57.56,39.39,83.85,25.74,17.23,38.06,-13.133897,27.849332,POINT (-13.133897 27.849332)
Zimbabwe,2013,ZWE,81.95,422633,,,,,,,,,18.30,67.35,2.05,32.65,1.23,65.97,52.27,94.24,38.94,32.76,51.69,-19.015438,29.154857,POINT (-19.015438 29.154857)
Algeria,2014,DZA,0.00,0,,,,,,,17.81,20.68,16.59,29.78,-0.11,70.22,2.96,93.27,88.33,95.36,87.33,81.55,89.79,28.033886,1.659626,POINT (28.033886 1.659626)
Angola,2014,AGO,187.94,2298979,,,,,,,,,,37.27,1.56,62.73,4.67,53.54,26.35,69.70,46.12,20.46,61.36,-11.202692,17.873887,POINT (-11.202692 17.873887)
Benin,2014,BEN,399.24,1130558,72.7,25.9,12.5,,,,,,,54.83,1.83,45.17,3.95,65.80,57.52,75.86,15.67,7.20,25.96,9.30769,2.315834,POINT (9.307689999999999 2.315834)
Botswana,2014,BWA,1.50,1346,,,,,,83.44,,,,33.63,-1.08,66.37,2.46,87.46,70.08,96.27,73.22,47.65,86.18,-22.328474,24.684866,POINT (-22.328474 24.684866)
Burkina Faso,2014,BFA,436.06,5428655,75.3,49.2,22.4,,,,,,,73.07,2.16,26.93,5.17,49.07,38.13,78.74,18.50,9.99,41.61,12.238333,-1.561593,POINT (12.238333 -1.561593)
Burundi,2014,BDI,141.51,4726299,,,,,,,,,,88.22,2.80,11.78,5.67,58.96,55.03,88.42,45.90,46.38,42.24,-3.373056,29.918886,POINT (-3.373056 29.918886)
Cabo Verde,2014,CPV,0.19,26,,,,,,,,,,36.19,-0.09,63.81,2.04,85.03,71.73,92.57,68.59,55.55,75.98,16.002082,-24.013197,POINT (16.002082 -24.013197)
Cameroon,2014,CMR,244.08,0,54.8,38.2,26,,,,,,,46.02,1.40,53.98,3.83,60.25,39.07,78.30,38.87,18.92,55.88,7.369722,12.354722,POINT (7.369722 12.354722)
Central African Republic,2014,CAF,393.04,295088,,,,,,,,,,60.04,-0.13,39.96,1.11,46.13,33.75,64.74,25.06,9.05,49.10,6.611111,20.939444,POINT (6.611111 20.939444)
Chad,2014,TCD,170.27,914032,,,,,,,,,,77.63,3.14,22.37,3.85,39.16,29.92,71.24,9.11,2.88,30.74,15.454166,18.732207,POINT (15.454166 18.732207)
Comoros,2014,COM,2.90,2203,,,,,,,,,,71.66,2.22,28.34,2.79,80.21,77.18,87.85,34.87,31.11,44.37,-11.652,43.3726,POINT (-11.652 43.3726)
"Congo, Dem. Rep.",2014,COD,308.39,10288519,55.8,29.2,5.7,,,,,,,57.82,2.37,42.18,4.64,41.81,21.85,69.17,20.46,18.40,23.28,-4.038333,21.758664,POINT (-4.038333 21.758664)
"Congo, Rep.",2014,COG,231.85,66323,,,,43.60,16.07,58.37,,,,34.92,1.14,65.09,3.15,70.11,39.28,86.64,18.34,6.16,24.87,-0.228021,15.827659,POINT (-0.228021 15.827659)
Cote d'Ivoire,2014,CIV,315.07,3712831,,,,36.08,17.39,55.52,,,,50.99,1.68,49.01,3.37,72.55,57.44,88.25,29.81,15.58,44.60,7.539989,-5.54708,POINT (7.539989 -5.54708)
Djibouti,2014,DJI,14.01,9439,,,,,,,34.03,17.23,38.96,22.69,1.32,77.31,1.85,75.56,48.41,83.52,59.84,17.68,72.21,11.825138,42.590275,POINT (11.825138 42.590275)
"Egypt, Arab Rep.",2014,EGY,0.00,0,,,,,,,59.02,,68.72,57.16,2.35,42.84,2.13,98.89,98.44,99.48,93.85,90.95,97.73,26.820553,30.802498,POINT (26.820553 30.802498)
Equatorial Guinea,2014,GNQ,360.95,20417,,,,,,,,,,29.92,2.39,70.08,4.94,63.93,30.78,78.08,66.12,57.25,69.90,1.650801,10.267895,POINT (1.650801 10.267895)
Eritrea,2014,ERI,33.12,50534,,,,,,,,,,,,,,51.08,27.80,89.74,11.74,5.56,21.99,15.179384,39.782334,POINT (15.179384 39.782334)
Eswatini,2014,SWZ,2.32,711,,,,,,87.73,,,,76.85,0.56,23.15,1.40,66.92,58.32,95.49,57.37,58.62,53.23,-26.522503,31.465866,POINT (-26.522503 31.465866)
Ethiopia,2014,ETH,57.10,2118815,,,,9.78,3.20,37.84,,3.40,,81.00,2.28,19.00,5.05,37.88,28.06,79.75,6.64,3.74,18.96,9.145,40.489673,POINT (9.145 40.489673)
Gabon,2014,GAB,285.74,31900,,,,,,,,,,12.35,-0.32,87.65,4.17,85.00,53.59,89.43,47.15,37.58,48.49,-0.803689,11.609444,POINT (-0.803689 11.609444)
"Gambia, The",2014,GMB,142.02,168256,,,,,,66.45,,,,41.47,1.33,58.53,4.24,77.43,63.67,87.18,39.95,31.70,45.79,13.443182,-15.310139,POINT (13.443182 -15.310139)
Ghana,2014,GHA,315.76,3415912,46.6,48.5,38.6,31.52,8.98,51.17,,,,46.58,0.86,53.42,3.56,78.41,65.28,89.85,16.49,10.34,21.86,7.946527,-1.023194,POINT (7.946527 -1.023194)
Guinea,2014,GIN,381.09,660207,,,,,,,,,,65.16,1.90,34.84,3.18,62.48,50.18,85.49,20.24,14.21,31.50,9.945587,-9.696645,POINT (9.945587 -9.696645)
Guinea-Bissau,2014,GNB,93.90,93431,80.6,28,18.6,,,,,,,58.29,1.95,41.72,3.62,64.92,52.03,82.94,19.23,7.80,35.19,11.7723,-15.1696,POINT (11.7723 -15.1696)
Kenya,2014,KEN,83.87,2851555,54.1,27,10.3,,,52.54,,,,74.78,1.99,25.22,4.27,56.99,47.46,85.24,29.80,28.07,34.94,0.1769,37.9083,POINT (0.1769 37.9083)
Lesotho,2014,LSO,,,,,,,,,,,,73.50,0.19,26.50,2.26,68.37,60.10,91.33,37.32,36.64,39.19,-29.609988,28.233608,POINT (-29.609988 28.233608)
Liberia,2014,LBR,337.57,881224,,,,,,,,,,50.60,1.77,49.40,3.42,71.43,60.21,82.92,16.54,5.54,27.81,6.428055,-9.429499,POINT (6.428055 -9.429499)
Libya,2014,LBY,0.00,0,,,,,,,26.52,,,20.99,-0.54,79.01,0.98,96.75,,,99.70,,,26.3351,17.228331,POINT (26.3351 17.228331)
Madagascar,2014,MDG,45.78,468743,,,,,,,,,,65.47,1.70,34.53,4.62,50.78,34.01,82.57,9.36,5.78,16.15,-18.766947,46.869107,POINT (-18.766947 46.869107)
Malawi,2014,MWI,237.00,2905310,65.5,42.4,12.6,,,,,,,83.87,2.61,16.13,3.84,66.06,62.25,85.88,25.26,23.64,33.68,-13.254308,34.301525,POINT (-13.254308 34.301525)
Mali,2014,MLI,441.01,2220956,,,,,,,16.62,21.68,8.78,60.80,1.60,39.20,4.96,73.20,62.72,89.45,34.65,25.04,49.55,17.570692,-3.996166,POINT (17.570692 -3.996166)
Mauritania,2014,MRT,49.20,15835,,,,,,,,,,49.80,1.14,50.20,4.73,65.12,45.11,84.97,41.14,16.64,65.45,21.00789,-10.940835,POINT (21.00789 -10.940835)
Mauritius,2014,MUS,,,,,,,,,,,,58.89,0.37,41.11,-0.09,99.87,99.83,99.92,95.51,95.18,95.97,-20.348404,57.552152,POINT (-20.348404 57.552152)
Morocco,2014,MAR,0.00,0,,,,68.20,37.31,88.58,38.41,,40.30,39.74,0.01,60.26,2.33,83.60,64.71,96.05,86.65,75.39,94.08,31.7945,-7.0849,POINT (31.7945 -7.0849)
Mozambique,2014,MOZ,364.83,7407175,,,,,,,,13.45,,66.12,2.02,33.88,4.34,48.96,33.35,79.43,25.64,13.87,48.63,-18.665695,35.529562,POINT (-18.665695 35.529562)
Namibia,2014,NAM,14.49,15914,,,,,,,,,,54.17,-0.18,45.83,4.13,81.54,68.73,96.69,33.57,17.33,52.78,-22.95764,18.49041,POINT (-22.95764 18.49041)
Niger,2014,NER,400.25,2010489,,,,,,,8.74,6.15,22.12,83.78,3.89,16.22,3.97,47.94,40.57,85.98,12.33,6.82,40.80,17.607789,8.081666,POINT (17.607789 8.081666)
Nigeria,2014,NGA,314.40,7826954,25.4,27.3,,19.43,15.00,24.43,26.30,24.21,28.66,53.02,1.05,46.98,4.52,67.31,51.88,84.72,36.96,30.45,44.31,9.081999,8.675277,POINT (9.081999 8.675276999999999)
Rwanda,2014,RWA,219.81,1719904,,,,,,39.87,,,,83.03,2.46,16.97,2.60,55.54,50.51,80.15,63.06,64.89,54.08,-1.940278,29.873888,POINT (-1.940278 29.873888)
Sao Tome and Principe,2014,STP,8.96,1754,61.1,1.4,12.3,,,,,,,30.79,-1.34,69.21,3.34,82.21,74.50,85.64,39.90,28.48,44.97,0.18636,6.613081,POINT (0.18636 6.613081)
Senegal,2014,SEN,39.51,268912,43.2,6.7,2.8,,,,19.71,19.69,19.73,54.56,2.05,45.44,3.73,77.02,64.70,91.81,49.38,36.50,64.86,14.497401,-14.452362,POINT (14.497401 -14.452362)
Seychelles,2014,SYC,,,,,,,,,,,,45.03,0.60,54.97,2.35,96.25,,,100.00,,,-4.679574,55.491977,POINT (-4.679574 55.491977)
Sierra Leone,2014,SLE,409.31,1374476,,,,8.79,6.71,11.85,12.47,7.67,19.55,59.57,1.54,40.43,3.19,57.05,45.28,74.40,14.59,7.75,24.65,8.460555,-11.779889,POINT (8.460554999999999 -11.779889)
Somalia,2014,SOM,32.10,11001,,,,,,,,,,57.32,1.74,42.68,4.04,47.50,25.63,76.88,34.41,17.10,57.66,5.152149,46.199616,POINT (5.152149 46.199616)
South Africa,2014,ZAF,2.15,11705,,,,,,84.18,,,,35.69,0.14,64.31,2.39,91.43,78.12,98.81,72.95,68.55,75.39,-30.559482,22.937506,POINT (-30.559482 22.937506)
South Sudan,2014,SSD,236.14,71377,,,,,,,,,,81.37,1.65,18.63,3.05,41.01,37.07,58.24,8.80,4.57,27.26,6.876991,31.306978,POINT (6.876991 31.306978)
Sudan,2014,SDN,33.38,1068506,,,,,,,,,,66.31,2.14,33.69,2.95,57.53,50.22,71.92,33.67,21.97,56.70,12.862807,30.217636,POINT (12.862807 30.217636)
Tanzania,2014,TZA,118.94,680442,,,,,,33.72,22.07,19.29,28.29,69.10,1.98,30.90,5.32,51.12,37.48,81.62,25.35,20.09,37.11,-6.369028,34.888822,POINT (-6.369028 34.888822)
Togo,2014,TGO,384.68,1524339,42.8,18.3,22.8,,,,,,,60.42,1.75,39.58,3.92,61.80,45.09,87.30,14.89,6.32,27.96,8.619543,0.824782,POINT (8.619543 0.824782)
Tunisia,2014,TUN,,,,,,91.87,,,75.42,,85.97,32.23,0.15,67.77,1.41,95.46,86.54,99.70,89.70,78.20,95.18,33.886917,9.537499,POINT (33.886917 9.537499)
Uganda,2014,UGA,220.62,3631939,,,,6.71,3.75,17.51,,,,78.50,2.66,21.50,5.92,44.82,36.76,74.26,18.39,16.07,26.88,1.373333,32.290275,POINT (1.373333 32.290275)
Zambia,2014,ZMB,222.98,4077547,40.6,39.8,51.4,,,46.48,,,,58.62,2.24,41.38,4.38,58.13,39.99,83.82,25.86,17.68,37.45,-13.133897,27.849332,POINT (-13.133897 27.849332)
Zimbabwe,2014,ZWE,101.89,548276,26.8,3,5.985314305,,,,,,17.79,67.50,1.98,32.50,1.29,65.47,51.65,94.18,38.25,32.44,50.32,-19.015438,29.154857,POINT (-19.015438 29.154857)
Algeria,2015,DZA,0.00,0,,,,,,,17.74,20.79,16.48,29.15,-0.08,70.85,2.93,93.47,88.69,95.44,87.50,82.21,89.67,28.033886,1.659626,POINT (28.033886 1.659626)
Angola,2015,AGO,199.99,2769305,,,19,,,,,,,36.55,1.50,63.45,4.57,54.32,26.71,70.22,47.37,21.39,62.35,-11.202692,17.873887,POINT (-11.202692 17.873887)
Benin,2015,BEN,411.82,1524739,,,,,,,,,,54.31,1.80,45.70,3.94,66.07,57.87,75.80,16.01,7.41,26.23,9.30769,2.315834,POINT (9.307689999999999 2.315834)
Botswana,2015,BWA,0.37,326,,,,,,83.37,,,,32.85,-0.84,67.16,2.70,88.45,71.89,96.54,74.76,48.77,87.47,-22.328474,24.684866,POINT (-22.328474 24.684866)
Burkina Faso,2015,BFA,400.09,7015446,,,,,,,,,,72.47,2.12,27.53,5.13,48.66,37.09,79.11,18.83,10.45,40.87,12.238333,-1.561593,POINT (12.238333 -1.561593)
Burundi,2015,BDI,165.50,5428710,,,,,,,,,,87.92,2.81,12.08,5.69,59.58,55.56,88.87,45.88,46.40,42.08,-3.373056,29.918886,POINT (-3.373056 29.918886)
Cabo Verde,2015,CPV,0.05,7,,,,,,,,,,35.70,-0.12,64.30,2.01,85.88,72.87,93.10,70.47,57.93,77.44,16.002082,-24.013197,POINT (16.002082 -24.013197)
Cameroon,2015,CMR,254.50,1193281,,,,,,,,,,45.42,1.37,54.58,3.79,60.21,39.05,77.82,38.86,18.36,55.92,7.369722,12.354722,POINT (7.369722 12.354722)
Central African Republic,2015,CAF,379.91,598833,,,,,,,,,,59.72,0.12,40.28,1.44,46.23,33.75,64.74,25.18,9.05,49.10,6.611111,20.939444,POINT (6.611111 20.939444)
Chad,2015,TCD,167.28,787046,36.4,26.9,8.5,,,,,,,77.49,3.04,22.52,3.86,39.01,29.77,70.79,8.84,2.53,30.56,15.454166,18.732207,POINT (15.454166 18.732207)
Comoros,2015,COM,1.67,1300,,,,,,,,,,71.53,2.16,28.47,2.81,80.13,76.91,88.22,35.82,32.07,45.24,-11.652,43.3726,POINT (-11.652 43.3726)
"Congo, Dem. Rep.",2015,COD,308.83,12538805,,,,,,,,,,57.26,2.33,42.74,4.62,42.39,22.34,69.26,20.44,18.28,23.33,-4.038333,21.758664,POINT (-4.038333 21.758664)
"Congo, Rep.",2015,COG,226.71,51529,60.5,,12.2,44.18,17.04,58.45,,,,34.46,1.16,65.54,3.18,71.15,41.39,86.79,18.94,6.19,25.64,-0.228021,15.827659,POINT (-0.228021 15.827659)
Cote d'Ivoire,2015,CIV,320.04,3375904,,,,36.24,17.50,55.40,,,,50.56,1.68,49.44,3.40,72.65,57.58,88.07,30.57,16.38,45.09,7.539989,-5.54708,POINT (7.539989 -5.54708)
Djibouti,2015,DJI,13.82,9473,,,,,,,34.84,17.80,39.81,22.58,1.23,77.42,1.82,75.58,47.96,83.63,61.09,18.26,73.58,11.825138,42.590275,POINT (11.825138 42.590275)
"Egypt, Arab Rep.",2015,EGY,0.00,0,,,,,,,59.59,,69.38,57.22,2.30,42.79,2.08,98.96,98.57,99.49,93.97,91.01,97.92,26.820553,30.802498,POINT (26.820553 30.802498)
Equatorial Guinea,2015,GNQ,339.48,15142,,,,,,,,,,29.38,2.24,70.62,4.80,64.18,30.78,78.08,66.18,57.25,69.90,1.650801,10.267895,POINT (1.650801 10.267895)
Eritrea,2015,ERI,19.20,28036,,,,,,,,,,,,,,51.47,27.80,89.74,11.84,5.56,21.99,15.179384,39.782334,POINT (15.179384 39.782334)
Eswatini,2015,SWZ,0.51,157,,,,,,88.24,,,,76.70,0.62,23.30,1.47,67.94,59.37,96.14,57.87,59.64,52.06,-26.522503,31.465866,POINT (-26.522503 31.465866)
Ethiopia,2015,ETH,52.77,1867059,45.3,,,10.31,3.63,38.04,,3.54,,80.57,2.22,19.43,4.99,38.98,29.11,79.92,6.86,3.90,19.17,9.145,40.489673,POINT (9.145 40.489673)
Gabon,2015,GAB,284.44,23867,,,,,,,,,,11.88,-0.52,88.12,3.87,85.47,55.05,89.58,47.32,37.41,48.65,-0.803689,11.609444,POINT (-0.803689 11.609444)
"Gambia, The",2015,GMB,195.04,245435,,,,,,68.27,,,,40.77,1.31,59.23,4.20,77.66,63.37,87.50,39.01,29.61,45.49,13.443182,-15.310139,POINT (13.443182 -15.310139)
Ghana,2015,GHA,277.19,4319919,,,,33.12,9.78,52.93,,,,45.91,0.83,54.09,3.51,79.42,66.04,90.78,17.15,10.86,22.48,7.946527,-1.023194,POINT (7.946527 -1.023194)
Guinea,2015,GIN,356.64,810979,,,,,,,,,,64.86,2.02,35.14,3.36,62.30,49.72,85.52,21.06,14.99,32.26,9.945587,-9.696645,POINT (9.945587 -9.696645)
Guinea-Bissau,2015,GNB,79.77,146027,,,,,,,,,,57.88,1.91,42.12,3.58,65.72,52.76,83.53,19.82,8.00,36.06,11.7723,-15.1696,POINT (11.7723 -15.1696)
Kenya,2015,KEN,72.17,1581168,56.1,27.1,22.9,,,51.69,,,,74.34,1.91,25.66,4.21,57.64,48.18,85.04,29.55,27.71,34.86,0.1769,37.9083,POINT (0.1769 37.9083)
Lesotho,2015,LSO,,,,,,,,,,,,73.09,0.21,26.91,2.28,68.50,59.79,92.13,39.06,38.62,40.27,-29.609988,28.233608,POINT (-29.609988 28.233608)
Liberia,2015,LBR,346.97,941711,,,,,,,,,,50.18,1.71,49.82,3.41,71.94,60.81,83.16,16.69,5.66,27.80,6.428055,-9.429499,POINT (6.428055 -9.429499)
Libya,2015,LBY,0.00,0,,,,,,,26.33,,,20.73,-0.37,79.27,1.21,97.64,,,99.86,,,26.3351,17.228331,POINT (26.3351 17.228331)
Madagascar,2015,MDG,97.32,937241,,,,,,,,,,64.81,1.68,35.19,4.58,51.98,34.78,83.65,9.74,5.97,16.69,-18.766947,46.869107,POINT (-18.766947 46.869107)
Malawi,2015,MWI,217.04,3661238,,,,,,,,,,83.69,2.54,16.31,3.88,66.99,63.31,85.87,25.58,23.98,33.81,-13.254308,34.301525,POINT (-13.254308 34.301525)
Mali,2015,MLI,391.83,2454508,79.3,28.7,21,,,,17.34,22.96,8.89,60.01,1.62,39.99,4.94,74.90,64.59,90.37,36.18,26.46,50.77,17.570692,-3.996166,POINT (17.570692 -3.996166)
Mauritania,2015,MRT,61.61,22631,32.1,,11.2,,,,,,,48.91,1.10,51.09,4.64,66.97,46.69,86.39,43.50,17.39,68.50,21.00789,-10.940835,POINT (21.00789 -10.940835)
Mauritius,2015,MUS,,,,,,,,,,,,59.00,0.32,41.00,-0.14,99.87,99.83,99.92,95.51,95.18,95.97,-20.348404,57.552152,POINT (-20.348404 57.552152)
Morocco,2015,MAR,0.00,0,,,,69.11,38.62,88.75,38.57,,40.27,39.19,-0.03,60.81,2.28,85.12,67.69,96.35,87.54,77.19,94.22,31.7945,-7.0849,POINT (31.7945 -7.0849)
Mozambique,2015,MOZ,355.88,8222814,47.9,38.4,23.3,,,,,14.38,,65.60,2.04,34.40,4.36,51.20,35.54,81.07,26.87,14.82,49.85,-18.665695,35.529562,POINT (-18.665695 35.529562)
Namibia,2015,NAM,10.88,12168,,,,,,,,,,53.10,-0.19,46.90,4.12,81.88,68.89,96.59,33.90,17.62,52.33,-22.95764,18.49041,POINT (-22.95764 18.49041)
Niger,2015,NER,369.83,2392108,95.5,,,,,,9.04,6.41,22.56,83.75,3.85,16.25,4.05,48.72,41.60,85.42,12.75,7.11,41.81,17.607789,8.081666,POINT (17.607789 8.081666)
Nigeria,2015,NGA,296.08,7131972,43.6,41.2,21.4,19.67,15.24,24.50,26.42,24.10,28.95,52.16,1.02,47.84,4.45,68.67,53.11,85.63,37.68,30.53,45.48,9.081999,8.675277,POINT (9.081999 8.675276999999999)
Rwanda,2015,RWA,341.96,2694566,67.7,11.4,,,,41.05,,,,83.00,2.50,17.00,2.76,56.26,51.22,80.85,64.24,66.47,53.37,-1.940278,29.873888,POINT (-1.940278 29.873888)
Sao Tome and Principe,2015,STP,10.32,2058,,,,,,,,,,29.83,-1.29,70.17,3.25,83.46,75.72,86.75,41.36,29.75,46.30,0.18636,6.613081,POINT (0.18636 6.613081)
Senegal,2015,SEN,69.80,492253,55.4,3.4,11.2,,,,20.29,20.16,20.44,54.14,2.02,45.86,3.74,78.24,66.61,91.98,50.09,37.53,64.91,14.497401,-14.452362,POINT (14.497401 -14.452362)
Seychelles,2015,SYC,,,,,,,,,,,,44.60,1.27,55.40,3.01,96.25,,,100.00,,,-4.679574,55.491977,POINT (-4.679574 55.491977)
Sierra Leone,2015,SLE,403.72,1483376,,,,9.16,7.24,11.94,12.76,7.91,19.79,59.17,1.51,40.83,3.16,58.31,46.90,74.85,14.94,8.01,24.98,8.460555,-11.779889,POINT (8.460554999999999 -11.779889)
Somalia,2015,SOM,37.27,20953,,,,,,,,,,56.76,1.75,43.25,4.06,49.17,26.53,78.88,35.70,18.09,58.80,5.152149,46.199616,POINT (5.152149 46.199616)
South Africa,2015,ZAF,0.21,1157,,,,,,83.42,,,,35.17,0.07,64.83,2.33,91.85,78.97,98.84,73.89,70.57,75.70,-30.559482,22.937506,POINT (-30.559482 22.937506)
South Sudan,2015,SSD,240.36,24371,,,,,,,,,,81.15,1.23,18.85,2.72,40.93,36.40,60.40,9.60,4.78,30.33,6.876991,31.306978,POINT (6.876991 31.306978)
Sudan,2015,SDN,35.88,586827,,,,,,,,,,66.11,2.10,33.89,3.01,58.95,51.71,73.08,35.07,23.10,58.41,12.862807,30.217636,POINT (12.862807 30.217636)
Tanzania,2015,TZA,121.74,4241364,,,,,,34.13,23.18,20.33,29.35,68.38,1.97,31.62,5.28,52.98,39.14,82.92,26.87,21.29,38.94,-6.369028,34.888822,POINT (-6.369028 34.888822)
Togo,2015,TGO,364.31,1508015,,,,,,,,,,59.90,1.69,40.10,3.87,62.91,46.19,87.88,15.30,6.67,28.18,8.619543,0.824782,POINT (8.619543 0.824782)
Tunisia,2015,TUN,,,,,,92.14,,,76.51,,86.86,31.94,0.16,68.06,1.47,95.73,87.26,99.70,90.30,79.77,95.23,33.886917,9.537499,POINT (33.886917 9.537499)
Uganda,2015,UGA,236.11,7137662,74.3,76.9,27.5,6.83,3.98,16.91,,,,77.94,2.79,22.06,6.05,46.24,38.23,74.54,18.42,16.10,26.62,1.373333,32.290275,POINT (1.373333 32.290275)
Zambia,2015,ZMB,202.55,4184661,,,,,,46.33,,,,58.09,2.17,41.91,4.33,58.69,40.59,83.78,25.98,18.14,36.84,-13.133897,27.849332,POINT (-13.133897 27.849332)
Zimbabwe,2015,ZWE,97.65,482379,9,1,,,,,,,17.29,67.62,1.84,32.39,1.30,64.99,51.03,94.12,37.57,32.11,48.96,-19.015438,29.154857,POINT (-19.015438 29.154857)
Algeria,2016,DZA,0.00,0,,,,,,,17.71,20.79,16.48,28.54,-0.07,71.46,2.91,93.52,88.69,95.44,87.54,82.21,89.67,28.033886,1.659626,POINT (28.033886 1.659626)
Angola,2016,AGO,219.99,3794253,21.7,18.1,20,,,,,,,35.85,1.44,64.15,4.48,55.08,27.08,70.74,48.63,22.31,63.34,-11.202692,17.873887,POINT (-11.202692 17.873887)
Benin,2016,BEN,421.58,1395618,,,,,,,,,,53.77,1.77,46.23,3.92,66.32,58.22,75.75,16.35,7.62,26.51,9.30769,2.315834,POINT (9.307689999999999 2.315834)
Botswana,2016,BWA,0.81,716,,,,,,83.29,,,,32.07,-0.56,67.93,2.98,89.40,73.71,96.81,76.02,49.68,88.45,-22.328474,24.684866,POINT (-22.328474 24.684866)
Burkina Faso,2016,BFA,401.73,9779411,,,,,,,,,,71.87,2.08,28.13,5.09,48.27,36.05,79.49,19.13,10.90,40.13,12.238333,-1.561593,POINT (12.238333 -1.561593)
Burundi,2016,BDI,225.74,8793176,,,12.6,,,,,,,87.61,2.82,12.39,5.71,60.20,56.09,89.32,45.85,46.41,41.90,-3.373056,29.918886,POINT (-3.373056 29.918886)
Cabo Verde,2016,CPV,0.35,48,,,,,,,,,,35.22,-0.15,64.78,1.96,86.49,74.32,93.10,72.25,60.23,78.78,16.002082,-24.013197,POINT (16.002082 -24.013197)
Cameroon,2016,CMR,264.31,1694002,,,,,,,,,,44.82,1.33,55.18,3.76,60.16,39.01,77.33,38.85,17.80,55.95,7.369722,12.354722,POINT (7.369722 12.354722)
Central African Republic,2016,CAF,362.02,1032764,,,,,,,,,,59.38,0.41,40.62,1.83,46.33,33.75,64.74,25.32,9.05,49.10,6.611111,20.939444,POINT (6.611111 20.939444)
Chad,2016,TCD,169.93,1294768,,,,,,,,,,77.32,2.93,22.68,3.86,38.85,29.62,70.32,8.58,2.20,30.36,15.454166,18.732207,POINT (15.454166 18.732207)
Comoros,2016,COM,1.44,1143,,,,,,,,,,71.38,2.10,28.62,2.83,80.15,76.91,88.22,35.83,32.07,45.24,-11.652,43.3726,POINT (-11.652 43.3726)
"Congo, Dem. Rep.",2016,COD,322.77,16821130,,,,,,,,,,56.69,2.29,43.31,4.60,42.98,22.83,69.35,20.43,18.17,23.38,-4.038333,21.758664,POINT (-4.038333 21.758664)
"Congo, Rep.",2016,COG,233.38,171847,,,,44.77,18.04,58.54,,,,34.00,1.20,66.00,3.24,72.19,43.54,86.94,19.55,6.23,26.41,-0.228021,15.827659,POINT (-0.228021 15.827659)
Cote d'Ivoire,2016,CIV,354.66,3645081,59.7,,22.6,36.39,17.60,55.27,,,,50.12,1.67,49.88,3.42,72.76,57.71,87.89,31.35,17.19,45.58,7.539989,-5.54708,POINT (7.539989 -5.54708)
Djibouti,2016,DJI,19.81,13804,,,,,,,35.64,18.36,40.64,22.47,1.15,77.53,1.78,75.60,47.51,83.75,62.35,18.84,74.96,11.825138,42.590275,POINT (11.825138 42.590275)
"Egypt, Arab Rep.",2016,EGY,0.00,0,,,,,,,60.16,,70.04,57.27,2.24,42.73,2.02,99.03,98.69,99.49,94.08,91.07,98.11,26.820553,30.802498,POINT (26.820553 30.802498)
Equatorial Guinea,2016,GNQ,306.97,147714,,,,,,,,,,28.86,2.12,71.14,4.65,64.43,30.78,78.08,66.25,57.25,69.90,1.650801,10.267895,POINT (1.650801 10.267895)
Eritrea,2016,ERI,25.64,24251,,,,,,,,,,,,,,51.85,27.80,89.74,11.94,5.56,21.99,15.179384,39.782334,POINT (15.179384 39.782334)
Eswatini,2016,SWZ,1.12,350,,,,,,88.75,,,,76.54,0.69,23.46,1.58,68.95,60.42,96.78,58.37,60.66,50.90,-26.522503,31.465866,POINT (-26.522503 31.465866)
Ethiopia,2016,ETH,41.41,1718504,,7.7,,10.87,4.08,38.24,,3.68,,80.13,2.16,19.87,4.94,40.04,30.11,80.10,7.09,4.04,19.39,9.145,40.489673,POINT (9.145 40.489673)
Gabon,2016,GAB,270.67,23915,,,,,,,,,,11.44,-0.74,88.56,3.54,85.63,55.05,89.58,47.37,37.41,48.65,-0.803689,11.609444,POINT (-0.803689 11.609444)
"Gambia, The",2016,GMB,116.53,159997,,,,,,68.27,,,,40.08,1.28,59.92,4.15,77.83,63.37,87.50,39.12,29.61,45.49,13.443182,-15.310139,POINT (13.443182 -15.310139)
Ghana,2016,GHA,236.00,4505442,52.2,50.1,59.6,34.75,10.61,54.71,,,,45.25,0.79,54.75,3.46,80.44,66.79,91.71,17.81,11.39,23.11,7.946527,-1.023194,POINT (7.946527 -1.023194)
Guinea,2016,GIN,331.47,992146,67.9,,29.9,,,,,,,64.54,2.15,35.46,3.55,62.11,49.24,85.53,21.89,15.78,33.01,9.945587,-9.696645,POINT (9.945587 -9.696645)
Guinea-Bissau,2016,GNB,71.35,152404,,,,,,,,,,57.47,1.86,42.53,3.54,66.51,53.48,84.11,20.42,8.19,36.94,11.7723,-15.1696,POINT (11.7723 -15.1696)
Kenya,2016,KEN,70.38,2931406,,,,,,50.85,,,,73.90,1.82,26.11,4.15,58.28,48.90,84.84,29.30,27.36,34.77,0.1769,37.9083,POINT (0.1769 37.9083)
Lesotho,2016,LSO,,,,,,,,,,,,72.68,0.21,27.32,2.28,68.63,59.49,92.93,40.77,40.57,41.31,-29.609988,28.233608,POINT (-29.609988 28.233608)
Liberia,2016,LBR,386.30,1191137,43.7,65.5,23.1,,,,,,,49.75,1.66,50.25,3.40,72.45,61.39,83.40,16.83,5.77,27.78,6.428055,-9.429499,POINT (6.428055 -9.429499)
Libya,2016,LBY,0.00,0,,,,,,,26.11,,,20.46,-0.17,79.54,1.48,98.53,,,100.00,,,26.3351,17.228331,POINT (26.3351 17.228331)
Madagascar,2016,MDG,56.58,655480,73.4,10.1,10.6,,,,,,,64.14,1.66,35.86,4.55,53.18,35.55,84.73,10.12,6.15,17.23,-18.766947,46.869107,POINT (-18.766947 46.869107)
Malawi,2016,MWI,210.66,4827373,42.7,37.6,30.4,,,,,,,83.49,2.48,16.51,3.89,67.91,64.36,85.85,25.90,24.32,33.93,-13.254308,34.301525,POINT (-13.254308 34.301525)
Mali,2016,MLI,384.22,2311098,,,,,,,18.02,24.24,9.00,59.22,1.65,40.78,4.94,76.58,66.46,91.28,37.75,27.92,52.01,17.570692,-3.996166,POINT (17.570692 -3.996166)
Mauritania,2016,MRT,71.50,23042,,,,,,,,,,48.04,1.06,51.96,4.55,68.83,48.29,87.82,45.93,18.15,71.61,21.00789,-10.940835,POINT (21.00789 -10.940835)
Mauritius,2016,MUS,,,,,,,,,,,,59.09,0.22,40.91,-0.15,99.87,99.83,99.92,95.51,95.18,95.97,-20.348404,57.552152,POINT (-20.348404 57.552152)
Morocco,2016,MAR,0.00,0,,,,70.00,39.93,88.93,38.73,,40.23,38.64,-0.09,61.36,2.23,86.64,70.73,96.65,88.42,78.99,94.36,31.7945,-7.0849,POINT (31.7945 -7.0849)
Mozambique,2016,MOZ,344.82,9690873,,,,,,,,15.32,,65.07,2.07,34.93,4.39,53.44,37.74,82.71,28.11,15.79,51.07,-18.665695,35.529562,POINT (-18.665695 35.529562)
Namibia,2016,NAM,22.12,25198,,,,,,,,,,52.04,-0.17,47.96,4.08,82.22,69.05,96.50,34.21,17.92,51.89,-22.95764,18.49041,POINT (-22.95764 18.49041)
Niger,2016,NER,358.74,4258110,,,,,,,9.32,6.66,23.00,83.71,3.81,16.29,4.12,49.50,42.62,84.86,13.16,7.39,42.82,17.607789,8.081666,POINT (17.607789 8.081666)
Nigeria,2016,NGA,281.38,12293820,,,,19.90,15.48,24.57,26.54,23.98,29.23,51.32,0.99,48.68,4.38,70.03,54.35,86.55,38.41,30.60,46.65,9.081999,8.675277,POINT (9.081999 8.675276999999999)
Rwanda,2016,RWA,585.54,4725577,,,,,,42.25,,,,82.94,2.54,17.06,2.91,56.98,51.93,81.54,65.41,68.04,52.65,-1.940278,29.873888,POINT (-1.940278 29.873888)
Sao Tome and Principe,2016,STP,11.01,2238,,,,,,,,,,28.91,-1.24,71.09,3.18,84.20,76.95,87.15,42.83,31.04,47.62,0.18636,6.613081,POINT (0.18636 6.613081)
Senegal,2016,SEN,45.66,349540,66.6,1.7,22.1,,,,20.87,20.63,21.15,53.70,2.00,46.30,3.75,79.46,68.52,92.15,50.78,38.57,64.95,14.497401,-14.452362,POINT (14.497401 -14.452362)
Seychelles,2016,SYC,,,,,,,,,,,,44.17,0.37,55.83,2.11,96.25,,,100.00,,,-4.679574,55.491977,POINT (-4.679574 55.491977)
Sierra Leone,2016,SLE,391.33,1775306,44.1,57,31.1,9.53,7.78,12.03,13.05,8.16,20.03,58.77,1.49,41.23,3.14,59.56,48.52,75.31,15.29,8.26,25.32,8.460555,-11.779889,POINT (8.460554999999999 -11.779889)
Somalia,2016,SOM,37.26,35628,,,,,,,,,,56.18,1.77,43.82,4.09,50.82,27.36,80.89,37.01,19.11,59.95,5.152149,46.199616,POINT (5.152149 46.199616)
South Africa,2016,ZAF,0.77,4323,,0.5,,,,82.65,,,,34.66,0.00,65.34,2.25,92.27,79.82,98.87,74.82,72.61,76.00,-30.559482,22.937506,POINT (-30.559482 22.937506)
South Sudan,2016,SSD,244.55,7619,,,,,,,,,,80.91,0.79,19.09,2.35,40.81,35.67,62.59,10.44,4.99,33.53,6.876991,31.306978,POINT (6.876991 31.306978)
Sudan,2016,SDN,41.73,575015,,,,,,,,,,65.88,2.05,34.12,3.07,60.22,53.20,73.76,36.49,24.23,60.14,12.862807,30.217636,POINT (12.862807 30.217636)
Tanzania,2016,TZA,123.57,5188863,54.4,51.1,8,,,34.55,24.28,21.36,30.40,67.67,1.95,32.33,5.24,54.85,40.81,84.22,28.39,22.48,40.76,-6.369028,34.888822,POINT (-6.369028 34.888822)
Togo,2016,TGO,324.86,1746234,,,,,,,,,,59.37,1.63,40.63,3.83,64.02,47.29,88.47,15.71,7.03,28.40,8.619543,0.824782,POINT (8.619543 0.824782)
Tunisia,2016,TUN,,,,,,92.40,,,77.59,,87.75,31.65,0.19,68.35,1.53,95.99,87.99,99.70,90.88,81.35,95.29,33.886917,9.537499,POINT (33.886917 9.537499)
Uganda,2016,UGA,304.41,9385132,62,71.5,17.2,6.95,4.22,16.31,,,,77.38,2.93,22.62,6.18,47.67,39.72,74.82,18.45,16.14,26.36,1.373333,32.290275,POINT (1.373333 32.290275)
Zambia,2016,ZMB,181.39,4851319,,,,,,46.18,,,,57.56,2.09,42.44,4.26,59.24,41.18,83.74,26.09,18.60,36.24,-13.133897,27.849332,POINT (-13.133897 27.849332)
Zimbabwe,2016,ZWE,65.78,314003,,,,,,,,,16.79,67.70,1.68,32.30,1.27,64.51,50.42,94.06,36.89,31.79,47.59,-19.015438,29.154857,POINT (-19.015438 29.154857)
Algeria,2017,DZA,0.00,0,,,,,,,17.69,20.79,16.48,27.95,-0.05,72.05,2.87,93.56,88.69,95.44,87.59,82.21,89.67,28.033886,1.659626,POINT (28.033886 1.659626)
Angola,2017,AGO,228.91,3874892,,,,,,,,,,35.16,1.38,64.84,4.39,55.84,27.44,71.24,49.88,23.23,64.33,-11.202692,17.873887,POINT (-11.202692 17.873887)
Benin,2017,BEN,399.56,1774022,,,,,,,,,,53.23,1.74,46.77,3.91,66.41,58.22,75.75,16.45,7.62,26.51,9.30769,2.315834,POINT (9.307689999999999 2.315834)
Botswana,2017,BWA,2.05,1900,,,,,,83.22,,,,31.30,-0.35,68.70,3.19,90.34,75.53,97.09,77.27,50.60,89.42,-22.328474,24.684866,POINT (-22.328474 24.684866)
Burkina Faso,2017,BFA,399.94,10255415,,,,,,,,,,71.26,2.04,28.74,5.03,47.89,34.99,79.86,19.40,11.34,39.38,12.238333,-1.561593,POINT (12.238333 -1.561593)
Burundi,2017,BDI,250.27,8453810,39.9,47,12.9,,,,,,,87.29,2.82,12.71,5.72,60.83,56.62,89.77,45.82,46.42,41.70,-3.373056,29.918886,POINT (-3.373056 29.918886)
Cabo Verde,2017,CPV,3.03,423,,,,,,,,,,34.74,-0.17,65.26,1.92,87.08,75.78,93.10,73.85,62.35,79.98,16.002082,-24.013197,POINT (16.002082 -24.013197)
Cameroon,2017,CMR,262.23,1317371,,,,,,,,,,44.22,1.29,55.78,3.72,60.38,39.01,77.33,39.08,17.80,55.95,7.369722,12.354722,POINT (7.369722 12.354722)
Central African Republic,2017,CAF,347.33,383309,,,,,,,,,,59.02,0.67,40.98,2.16,,,,,,,6.611111,20.939444,POINT (6.611111 20.939444)
Chad,2017,TCD,172.30,1962372,,,,,,,,,,77.14,2.84,22.86,3.87,38.70,29.47,69.85,8.34,1.89,30.12,15.454166,18.732207,POINT (15.454166 18.732207)
Comoros,2017,COM,3.97,3230,,,,,,,,,,71.22,2.04,28.78,2.85,80.17,76.91,88.22,35.86,32.07,45.24,-11.652,43.3726,POINT (-11.652 43.3726)
"Congo, Dem. Rep.",2017,COD,329.13,16793002,,,,,,,,,,56.12,2.24,43.88,4.57,43.24,22.83,69.35,20.46,18.17,23.38,-4.038333,21.758664,POINT (-4.038333 21.758664)
"Congo, Rep.",2017,COG,240.64,127939,,,,45.35,19.06,58.63,,,,33.54,1.21,66.46,3.26,73.22,45.72,87.09,20.17,6.26,27.20,-0.228021,15.827659,POINT (-0.228021 15.827659)
Cote d'Ivoire,2017,CIV,362.36,3475953,,,,36.55,17.71,55.15,,,,49.67,1.66,50.33,3.44,72.87,57.83,87.71,32.13,18.02,46.07,7.539989,-5.54708,POINT (7.539989 -5.54708)
Djibouti,2017,DJI,20.72,14671,,,,,,,36.44,18.93,41.48,22.35,1.06,77.65,1.75,75.63,47.06,83.86,63.61,19.42,76.32,11.825138,42.590275,POINT (11.825138 42.590275)
"Egypt, Arab Rep.",2017,EGY,0.00,0,,,,,,,60.74,,70.71,57.30,2.14,42.71,2.03,99.11,98.82,99.49,94.19,91.13,98.30,26.820553,30.802498,POINT (26.820553 30.802498)
Equatorial Guinea,2017,GNQ,285.72,15725,,,,,,,,,,28.35,2.00,71.65,4.49,64.67,30.78,78.08,66.31,57.25,69.90,1.650801,10.267895,POINT (1.650801 10.267895)
Eritrea,2017,ERI,33.97,54005,,,,,,,,,,,,,,,,,,,,15.179384,39.782334,POINT (15.179384 39.782334)
Eswatini,2017,SWZ,2.30,724,,,,,,88.75,,,,76.38,0.75,23.63,1.67,69.01,60.42,96.78,58.35,60.66,50.90,-26.522503,31.465866,POINT (-26.522503 31.465866)
Ethiopia,2017,ETH,36.74,1530739,,,,11.44,4.56,38.45,,3.81,,79.69,2.11,20.31,4.87,41.06,31.07,80.27,7.32,4.19,19.60,9.145,40.489673,POINT (9.145 40.489673)
Gabon,2017,GAB,254.24,35244,,,,,,,,,,11.02,-0.92,88.98,3.27,85.77,55.05,89.58,47.41,37.41,48.65,-0.803689,11.609444,POINT (-0.803689 11.609444)
"Gambia, The",2017,GMB,53.02,72412,62.4,,43.4,,,68.27,,,,39.40,1.25,60.60,4.10,77.99,63.37,87.50,39.23,29.61,45.49,13.443182,-15.310139,POINT (13.443182 -15.310139)
Ghana,2017,GHA,212.56,5584185,,,,36.41,11.45,56.50,,,,44.59,0.76,55.41,3.42,81.45,67.54,92.65,18.47,11.93,23.74,7.946527,-1.023194,POINT (7.946527 -1.023194)
Guinea,2017,GIN,311.53,1335323,,,,,,,,,,64.21,2.25,35.79,3.70,61.90,48.72,85.54,22.72,16.56,33.77,9.945587,-9.696645,POINT (9.945587 -9.696645)
Guinea-Bissau,2017,GNB,78.33,92846,,,,,,,,,,57.06,1.81,42.95,3.50,66.63,53.48,84.11,20.54,8.19,36.94,11.7723,-15.1696,POINT (11.7723 -15.1696)
Kenya,2017,KEN,70.10,3419883,,,,,,50.01,,,,73.44,1.74,26.56,4.09,58.92,49.61,84.64,29.05,27.01,34.68,0.1769,37.9083,POINT (0.1769 37.9083)
Lesotho,2017,LSO,,,,,,,,,,,,72.27,0.22,27.73,2.29,68.65,59.32,92.96,42.75,42.77,42.72,-29.609988,28.233608,POINT (-29.609988 28.233608)
Liberia,2017,LBR,401.11,1783968,,,,,,,,,,49.30,1.59,50.70,3.36,72.95,61.96,83.63,16.97,5.89,27.75,6.428055,-9.429499,POINT (6.428055 -9.429499)
Libya,2017,LBY,0.00,0,,,,,,,26.11,,,20.18,-0.01,79.82,1.70,98.53,,,100.00,,,26.3351,17.228331,POINT (26.3351 17.228331)
Madagascar,2017,MDG,75.67,935229,,,,,,,,,,63.48,1.64,36.52,4.52,54.40,36.33,85.82,10.51,6.33,17.77,-18.766947,46.869107,POINT (-18.766947 46.869107)
Malawi,2017,MWI,216.26,4901344,67.5,29.4,41.1,,,,,,,83.29,2.42,16.71,3.92,68.83,65.42,85.84,26.23,24.65,34.06,-13.254308,34.301525,POINT (-13.254308 34.301525)
Mali,2017,MLI,386.78,2097797,,,,,,,18.71,25.54,9.11,58.43,1.66,41.57,4.92,78.26,68.35,92.19,39.34,29.43,53.26,17.570692,-3.996166,POINT (17.570692 -3.996166)
Mauritania,2017,MRT,55.49,20105,,,,,,,,,,47.18,1.01,52.82,4.46,70.70,49.91,89.26,48.44,18.92,74.80,21.00789,-10.940835,POINT (21.00789 -10.940835)
Mauritius,2017,MUS,,,,,,,,,,,,59.16,0.21,40.84,-0.08,99.87,99.83,99.92,95.50,95.18,95.97,-20.348404,57.552152,POINT (-20.348404 57.552152)
Morocco,2017,MAR,0.00,0,,,,70.27,39.93,88.93,38.75,,40.23,38.09,-0.14,61.91,2.18,86.78,70.73,96.65,88.50,78.99,94.36,31.7945,-7.0849,POINT (31.7945 -7.0849)
Mozambique,2017,MOZ,326.40,9892601,,,,,,,,16.27,,64.55,2.08,35.46,4.40,55.69,39.96,84.35,29.36,16.76,52.29,-18.665695,35.529562,POINT (-18.665695 35.529562)
Namibia,2017,NAM,46.75,54268,,,,,,,,,,51.00,-0.15,49.01,4.03,82.54,69.22,96.41,34.50,18.22,51.45,-22.95764,18.49041,POINT (-22.95764 18.49041)
Niger,2017,NER,356.57,2761268,,,,,,,9.60,6.90,23.43,83.65,3.77,16.35,4.21,50.27,43.62,84.29,13.57,7.65,43.82,17.607789,8.081666,POINT (17.607789 8.081666)
Nigeria,2017,NGA,283.06,11639713,49.1,,14.9,20.13,15.71,24.64,26.65,23.86,29.50,50.48,0.97,49.52,4.31,71.38,55.59,87.47,39.17,30.66,47.84,9.081999,8.675277,POINT (9.081999 8.675276999999999)
Rwanda,2017,RWA,538.34,4413473,68,19.6,,,,43.45,,,,82.88,2.56,17.13,3.04,57.71,52.64,82.24,66.57,69.60,51.93,-1.940278,29.873888,POINT (-1.940278 29.873888)
Sao Tome and Principe,2017,STP,10.81,2239,,,,,,,,,,28.03,-1.20,71.97,3.11,84.29,76.95,87.15,42.97,31.04,47.62,0.18636,6.613081,POINT (0.18636 6.613081)
Senegal,2017,SEN,52.35,395706,60.7,4.7,22,,,,21.46,21.10,21.86,53.26,1.97,46.74,3.76,80.68,70.46,92.32,51.47,39.61,64.99,14.497401,-14.452362,POINT (14.497401 -14.452362)
Seychelles,2017,SYC,,,,,,,,,,,,43.74,0.25,56.26,1.99,96.25,,,100.00,,,-4.679574,55.491977,POINT (-4.679574 55.491977)
Sierra Leone,2017,SLE,364.13,1651236,59.5,,26.8,9.92,8.35,12.12,13.35,8.41,20.27,58.36,1.46,41.64,3.14,60.81,50.14,75.76,15.65,8.52,25.65,8.460555,-11.779889,POINT (8.460554999999999 -11.779889)
Somalia,2017,SOM,37.13,35138,,,,,,,,,,55.61,1.78,44.39,4.11,52.44,28.11,82.91,38.34,20.16,61.10,5.152149,46.199616,POINT (5.152149 46.199616)
South Africa,2017,ZAF,3.95,22517,,,,,,81.88,,,,34.15,-0.07,65.85,2.18,92.68,80.68,98.90,75.75,74.67,76.31,-30.559482,22.937506,POINT (-30.559482 22.937506)
South Sudan,2017,SSD,245.80,1488005,,,,,,,,,,80.65,0.41,19.35,2.04,40.68,34.88,64.83,11.32,5.19,36.87,6.876991,31.306978,POINT (6.876991 31.306978)
Sudan,2017,SDN,46.75,720879,,,,,,,,,,65.63,2.02,34.37,3.12,60.27,53.20,73.76,36.58,24.23,60.14,12.862807,30.217636,POINT (12.862807 30.217636)
Tanzania,2017,TZA,123.96,5354819,54.6,36.2,25.8,,,34.96,25.38,22.39,31.44,66.95,1.93,33.05,5.20,56.73,42.50,85.54,29.91,23.66,42.57,-6.369028,34.888822,POINT (-6.369028 34.888822)
Togo,2017,TGO,278.20,1755577,69.7,31.1,41.7,,,,,,,58.84,1.58,41.16,3.79,65.13,48.39,89.06,16.13,7.40,28.61,8.619543,0.824782,POINT (8.619543 0.824782)
Tunisia,2017,TUN,,,,,,92.66,,,78.12,,88.29,31.36,0.20,68.64,1.57,96.25,88.71,99.70,90.92,81.35,95.29,33.886917,9.537499,POINT (33.886917 9.537499)
Uganda,2017,UGA,336.76,11667831,,,,7.07,4.46,15.70,,,,76.80,3.01,23.20,6.25,49.10,41.25,75.11,18.47,16.17,26.11,1.373333,32.290275,POINT (1.373333 32.290275)
Zambia,2017,ZMB,160.05,5505639,,,,,,46.25,,,,57.02,2.01,42.98,4.21,59.96,41.95,83.86,26.37,18.93,36.24,-13.133897,27.849332,POINT (-13.133897 27.849332)
Zimbabwe,2017,ZWE,108.55,467508,,,,,,,,,16.29,67.76,1.55,32.24,1.28,64.05,49.80,94.00,36.22,31.47,46.22,-19.015438,29.154857,POINT (-19.015438 29.154857)
